停車種別;番号;名前;分類;roman;かな;元ネタ;開業年;in-notion;レベル（国鉄のみ）;片
特急;H525;浦州東驛;驛;Fósu-toŋ;うらすひんがし;;;0;一等驛;浦州
特急;F05;浦州北驛;驛;Fósu-pǝ́k;うらすきた;;;0;一等驛;浦州
快急;H485;浦州西驛;驛;Fósu-se;うらすにし;;;0;一等驛;浦州
急行;WJ10;丹城山驛;驛;Tanjeŋr-şran;にじろやま;;;0;;丹城
急行;WJ15;出雲台驛;驛;Şýl'yønr-dai;いづもがだい;箱根登山鉄道出山信号場・早雲山駅・大平台駅;;0;;出雲
急行;WJ20;灯峽口驛;驛;Tǝŋ'rav-chó;あかだにぐち;;;0;;灯峽
急行;WJ25;漣川口驛;驛;Lenşyenchó;さざなみぐち;;;0;;漣川
急行;WJ27;螢溪温泉驛;驛;YC-Wonxyen;ほたるざわおんせん;;;0;;螢溪
急行;WD30;螢溪驛;驛;Yeŋche;ほたるざわ;;;0;;螢溪
急行;FG95;汀州南驛;驛;Þeŋsu-nam;なぎさすみなみ;;;0;三等驛;汀州
快速;H490;浦州会展驛;驛;FS-Wáitén;うらすわいてん;;;0;二等驛;浦州
準高;F05;浦州北驛;驛;Fósu-pǝ́k;うらすきた;;;0;一等驛;浦州
準高;F40;汀洲驛;驛;Þeŋsu;なぎさす;;;0;一等驛;汀洲
高速;I00;禾州驛;驛;Wasu;いなす;;;0;一等驛;禾州
快速;H480;坤順驛;驛;Chonjýñ;つちのぶ;;;0;三等驛;坤順
急行;H475;入船西驛;驛;Ñívjyen-se;いりふねにし;;;0;三等驛;入船
快速;HA27;新濱海岸驛;驛;SP-Háiŋán;にゐわま°あいか゚ん;;;0;三等驛;新濱
快急;UK28;新濱区庁驛;驛;SP-Chuþeŋ;にゐわま°く°てい゚;;;0;;新濱
各停;H533;[新濱]港榮坊站;站;SP-Krǝ́ŋ'yeŋr-vaŋ;きるう゚ゑい゚がわ゙う゚;;;0;四等站;新濱
急行;H530;新濱驛;驛;Sǝnpiñ;にゐわま;;;0;三等驛;新濱
急行;HA20;旭山驛;驛;Hiókşran;あさひやま;;;0;二等驛;旭山
急行;L15;安涇驛;驛;Ankeŋ;やすみぞ;;;0;二等驛;安涇
特急;HY90;乾建驛;驛;Genkén;あまたけ;;;0;二等驛;乾建
急行;UD03;清江驛;驛;Seŋkrǝŋ;きよえ;;;0;;清江
急行;US91;西関病院驛;驛;SK-Béŋ'yén;せくらんべい゚ゑん;;;0;;西関
急行;US72;浦州万博驛;驛;FS-Mánpák;うらすまんぱく;;;0;;浦州
急行;US70;細沙角驛;驛;Séşrar-krǝ́k;せしらがさき;;;0;;細沙
各停;UT75;杁坂驛;驛;Ñívfán;いりざか;;;0;;杁坂
急行;UT32;碧連台驛;驛;Péklenr-dai;ぺきれんがだい;;;0;;碧連
各停;LP33;碧連驛;驛;Péklen;ぺきれん;;;0;;碧連
急行;XC30;滴原驛;驛;Tékŋyen;しづくわら;;;0;;滴原
急行;XC35;慈雲寺驛;驛;Xǝ'yønŕ-xǝ́;じぉえうんるじぉ;香港慈雲山;;0;;慈雲
快急;H470;岬西驛;驛;Krávse;みさきにし;地形;;0;二等驛;岬西
特急;H450;端原驛;驛;Twanŋyen;はたわら;;;-1;一等驛;端原
快速;H460;知里驛;驛;Trlí;ちるり;;;0;三等驛;知里
快速;H455;淺川驛;驛;Sénşyen;あさがわ;八王子市浅川村;;0;三等驛;淺川
快急;H445;銥山驛;驛;Işran;イリスやま;;;0;三等驛;銥山
各停;WT60;函城驛;驛;Qamjeŋ;はこぎ;;;0;;函城
快急;H440;冶城驛;驛;Iájeŋ;ねりぎ;湖北省大冶市;;0;一等驛;冶城
急行;H425;伊田驛;驛;Ida;いだ;;;0;三等驛;伊田
貨物;H435;冶城貨物驛;驛;IJ-Cargo;ねりぎ°わゔをり;湖北省大冶市;;0;;冶城
貨物;H437;冶城港驛;驛;IJ-Port;ねりぎがきるう゚;湖北省大冶市;;0;;冶城
急行;WT43;銥山東驛;驛;Işran-toŋ;イリスやまひがし;;;0;;銥山
急行;WT38;冶城東驛;驛;Iájeŋ-toŋ;ねりぎひんがし;;;0;;冶城
特急;F75;濼安驛;驛;Lák'an;ら゚くあん;;;0;二等驛;濼安
特急;L80;鳳来驛;驛;Vúŋlai;ゔう゚ら゚い;;;0;;鳳来
各停;LB75;平野驛;驛;Beŋ'iá;ひらの;;;0;;平野
特急;X90;山辺驛;驛;Şranpen;やまのべ;;;0;;山辺
快急;PJ90;石井驛;驛;Jekzéŋ;いしゐ;;;0;三等驛;石井
特急;P15;菱池驛;驛;Liǝŋdr;ひしいけ;;;0;二等驛;菱池
特急;P25;落合驛;驛;Lákqav;をちあい;;;0;二等驛;落合
特急;N30;匯川驛;驛;Wáişyen;あいかわ;;;0;二等驛;匯川
各停;JY60;永安驛;驛;Yéŋ'an;ながやす;;;0;;永安
特急;A155;玉川驛;驛;Ŋiókşyen;たまがわ;東京都多摩川;;0;二等驛;玉川
快速;H420;沙洲驛;驛;Şrasu;さす;地形;;0;三等驛;沙洲
快急;W05;海安驛;驛;Hái'an;うみやす;;;0;一等驛;海安
急行;HY60;斜間驛;驛;Xakran;ざま;相模州座間市;;0;三等驛;斜間
快急;W30;長津驛;驛;Draŋzǝn;ながつ;;;0;;長津
急行;WD60;稲葉驛;驛;Dáu'iév;いなば;;;0;;稲葉
特急;FG15;葛野驛;驛;Kál'iá;かるの;山城州葛野郡;;0;二等驛;葛野
急行;WD40;漕陽驛;驛;Xau'iaŋ;ざうやう゚;;;0;;漕陽
急行;F25;通津驛;驛;Þoŋzǝn;とをづ;;;0;二等驛;通津
急行;L35;澤田驛;驛;Drakda;さわだ;;;0;;澤田
急行;F50;灌口驛;驛;Kwánchó;くわんぐち;成都市灌県;;0;一等驛;灌口
各停;LP40;宝華驛;驛;Páuwra;ぱううら;;;0;;宝華
急行;X58;平沼驛;驛;Beŋçǿ;ひらぬま;;;0;;平沼
特急;XE65;潭城驛;驛;Damjeŋ;いけぎ;;;0;;潭城
急行;H540;渟河驛;驛;Deŋgap;ぬがわ;;;0;二等驛;渟河
急行;UK40;浦陰驛;驛;Fó'im;うらいむ;地形;;0;;浦陰
急行;UK55;潮戸驛;驛;Døqó;しをと;地形;;0;;潮戸
特急;W00;豊浦驛;驛;Fuŋfó;とようら;;;0;一等驛;豊浦
急行;FG10;竹田驛;驛;Trúkda;たけだ;京都市竹田;;0;二等驛;竹田
快速;H415;笹野驛;驛;Sás'iá;ささの;;;0;三等驛;笹野
快速;W70;深溝驛;驛;Şimko;ふかみぞ;;;0;;深溝
急行;W50;高斯驛;驛;Kausǝ/Gauss;ガウス;;;0;;高斯
快速;HY80;秋葉驛;驛;Su'iév;あきば;浜松市秋葉山;;0;三等驛;秋葉
急行;HY70;伊能驛;驛;Inǝŋ/Inō;いのう;伊能忠敬;;0;三等驛;伊能
急行;WD80;柳涇驛;驛;Liúkeŋ;やなぎみぞ;;;0;;柳涇
快速;W40;鳶山驛;驛;Yenşran;とんびやま;;;0;;鳶山
快速;H410;八里宿驛;驛;Prállísúk;ぴらる゚りすく;;;0;三等驛;八里
快急;W10;漣陰驛;驛;Len'im;れんいむ;;;0;;漣陰
快速;W25;多良驛;驛;Tala;たら;;;0;;多良
急行;FG03;漣陽驛;驛;Len'iaŋ;れんやう゚;地形;;0;三等驛;漣陽
快急;W20;[漣陰]新店驛;驛;LI-Sǝntém;すおんてむ;;;0;;漣陰
各停;XC45;[芝蘭]鈴代站;站;CL-Leŋdái;すずよ;;;0;;芝蘭
特急;X50;芝蘭驛;驛;Cilan;し゚ら゚ん;;;0;;芝蘭
急行;XE70;九里河驛;驛;Kúlígap;くりがわ;;;0;;九里
快速;XE55;青嶺驛;驛;Seŋléŋ;あをね;;;0;;青嶺
特急;UK32;青洲驛;驛;Seŋsu;あをす;;;0;;青洲
特急;HA35;浦陰口驛;驛;Fó'im-chó;うらいむぐち;;;0;一等驛;浦陰
急行;L20;葉酸驛;驛;Iévswan;えゔすわん;;;0;;葉酸
急行;X45;榮川驛;驛;Yeŋşyen;さかえがわ;;;0;;榮川
各停;X47;杁池驛;驛;Ñívdr;いりがいけ;;;0;;杁池
各停;X44;[榮川]梨島驛;驛;YŞ-Litáu;なしじま;;;0;;榮川
急行;H547;峠陰驛;驛;Tók'im;とうぎむ;;;0;三等驛;峠陰
各停;H542;渟河車廠驛;驛;DG-Dépot;ぬがわしやしやう゚;;;0;四等驛;渟河
急行;H555;晴海北驛;驛;Fálym-kita;はるみきた;;;0;三等驛;晴海
特急;HA50;晴海市驛;驛;FM-jí;はるみじ;東京都晴海;;0;二等驛;晴海
貨物;FP90;浦州港驛;驛;FS-Port;うらすみなと;;;0;;浦州
貨物;FP80;浦州貨物驛;驛;FS-Cargo;うらす°わゔをり;;;0;;浦州
貨物;FE25;江東港驛;驛;KT-Port;きるう゚とう゚みなと;;;0;;江東
各停;XV50;下川向驛;驛;Ráşyenhiáŋ;しもかわむかい;;;0;;下川
各停;XV55;次仁驛;驛;Sǝ́ñiñ;すおにん;;;0;;次仁
各停;XV60;青急峪口驛;驛;Seŋkív-Vøkchó;せい゚きゔたにぐち;;;0;;青急
各停;XE75;閂亭驛;驛;Şwrandeŋ;くわんぬきがでい゚;;;0;;閂亭
各停;XE80;芹澤驛;驛;Şélxwa;せりざわ;;;0;;芹澤
急行;F97;禾州西驛;驛;Wasu-se;いなすにし;;;0;二等驛;禾州
急行;N03;禾州東驛;驛;Wasu-toŋ;いなすひんがし;;;0;二等驛;禾州
快急;IR80;禾州北驛;驛;Wasu-pǝ́k;いなすきた;;;0;二等驛;禾州
快急;IR30;禾州南驛;驛;Wasu-nam;いなすみなみ;;;0;二等驛;禾州
特急;IL10;朱雀橋驛;驛;Ciuzákr-gø;し゚ゆさ゚くがはし;;;0;一等驛;朱雀
各停;LP47;結山南驛;驛;Kélşran-nam;ゆいやまみなみ;;;0;;結山
特急;L50;福原驛;驛;Fúkŋyen;ふくわら;摂津州福原京;;0;一等驛;福原
急行;PG52;結山驛;驛;Kélşran;ゆいやま;;;0;三等驛;結山
各停;ID41;鳳栖原驛;驛;Vúŋser-ŋyen;ゔう゚せがはら;;;0;;鳳栖
快速;IK70;龍首原驛;驛;Liuŋşiúr-ŋyen;りゅう゚しゅがはら;;;0;三等驛;龍首
各停;IB17;朱雀会展驛;驛;Ciuzák-Wáitén;し゚ゅさ゚くわいてん;;;0;;朱雀
急行;IL13;鴨汀驛;驛;Ávþeŋ;かもなぎさ;;;0;;鴨汀
快速;IP50;[鳳栖]南大路中山驛;驛;VS-Namdáiló-Truŋşran;みなみをぢつるう゚しらん;;;0;三等驛;鳳栖
各停;IW49;南陵市場前驛;驛;Namliǝŋ-tidraŋ-xen;なむりおう゚ちぢらう゚ぜん;;;0;;南陵
各停;L96;[桂川]古地站;站;KŞ-Kódí;ふるぢ;;;0;;桂川
急行;L95;桂川西驛;驛;Kyéşyen-se;かつらがわにし;;;0;;桂川
各停;LB95;板橋驛;驛;Prángø;いたばし;;;0;;板橋
各停;LB94;[板橋]杁涇驛;驛;PG-Ñívkeŋ;いりみぞ;;;0;;板橋
快速;IL15;若林妙音驛;驛;Ñiáklim-Mǿ'im;わかばやしめういむ;豊田市若林・名古屋市妙音通;;0;;若林
各停;PT54;輕固驛;驛;Cheŋkó;カルゴ;;;0;四等驛;輕固
快速;IP70;六方驛;驛;Liúkfaŋ;むかた;;;0;三等驛;六方
特急;IN03;城南東皋驛;驛;Jeŋnam-Toŋkau;ぜい゚なむとう゚かう;;;0;;城南
各停;G86;[扶風]納山驛;驛;VF-Návşran;をさめやま;Napf, CH;;0;三等驛;扶風
貨物;PT48;板橋貨物驛;驛;Prángø-hwámǿl;いたばし°わもり;;;0;;板橋
各停;A195;[馮翊]清見驛;驛;BI-Seŋkén;きよみ;;;0;三等驛;馮翊
各停;A175;[春日]倉庚驛;驛;ŞÑ-Saŋkraŋ;うぐゐす;;;0;四等驛;春日
急行;IL14;鴨汀東驛;驛;Ávþeŋ-toŋ;かもなぎさひんがし;;;0;;鴨汀
各停;IL14;鴨汀東驛;驛;Rávþeŋ-toŋ;かもなぎさひんがし;;;0;;鴨汀
快速;IL17;仙岩森林公園驛;驛;Senŋram-şimlimkoŋ'yen;せんき゚らむしむりむこう゚ゑん;箱根町仙石原;;0;;仙岩
快速;F90;[扶風]早田原驛;驛;VF-Sáudaŋyen;さだわら;;;0;三等驛;扶風
快速;F80;若莱驛;驛;Ñiáklai;わかやぶ;;;0;三等驛;若莱
快速;L85;石堤驛;驛;Jekte;いしづつみ;;;0;;石堤
快速;N15;櫻台驛;驛;Ǝŋdai;さくらだい;;;0;三等驛;櫻台
各停;PT83;[鳳来]長田南驛;驛;VL-Draŋda-nam;ながだみなみ;;;0;三等驛;鳳来
快速;L78;楡溪驛;驛;Uche;にれだに;;;0;;楡溪
快速;F70;大泊驛;驛;Dáibak;まくどまり;;;0;三等驛;大泊
快速;F65;晴川驛;驛;Xeŋşyen;はるがわ;;;0;三等驛;晴川
急行;LB85;[黎曼]卟啉驛;驛;RM-Póklim;ポルヒリン;;;0;;黎曼
快速;L75;竹西驛;驛;Trúkse;たけにし;;;0;;竹西
快速;F63;白沙站;站;Brakşra;しらすな;;;0;三等站;白沙
急行;L70;柳岸驛;驛;Liúŋán;やなぎぎし;;;0;;柳岸
快速;F60;山崎驛;驛;Şrangi;やまざき;乙訓郡大山崎町;;0;三等驛;山崎
快速;X85;藤崎驛;驛;Dǝŋgi;ふぢざき;;;0;;藤崎
快速;X80;散野驛;驛;Sán'iá;ちりの;;;0;;散野
急行;X95;雨池驛;驛;Údr;あめいけ;;;0;;雨池
各停;PL74;碧塘驛;驛;Pékdaŋ;みどりどて;;;0;三等驛;碧塘
各停;PL97;砧原驛;驛;Trmŋyen;きぬたわら;;;0;三等驛;砧原
快急;P20;川治驛;驛;Şyendŕ;かわぢ;;;0;三等驛;川治
各停;L66;冷泉柵驛;驛;Léŋxyenŕ-şrák;れい゚ずゑんるしらく;;;0;;冷泉
各停;XB80;疏林驛;驛;Şiǝlim;しぉりむ;;;0;;疏林
各停;LB80;黎曼驛;驛;Leman/Riemann;リーマン;;;0;;黎曼
急行;IN01;山辺理研驛;驛;ŞP-Líŋen;やまのべりけ゚ん;;;0;;山辺
快速;WX45;[藤原]星取驛;驛;DŊ-Seŋsú;ほしどり;;;0;;藤原
急行;IN05;蝶城驛;驛;Devjeŋ;でゔぎ;;;0;;蝶城
快速;WX55;[高斯]明池站;站;GS-Meŋdr;あかいけ;;;0;;高斯
快速;WX58;[斜間]追分站;站;XK-Trufon;をいわけ;;;0;;斜間
貨物;HY67;伊能貨物驛;驛;Inō-hwámǿl;いのう°わもり;伊能忠敬;;0;;伊能
快速;HY75;秋葉北驛;驛;Su'iév-pǝ́k;あきばきた;浜松市秋葉山;;0;四等驛;秋葉
各停;IN89;[山辺]伊泉驛;驛;ŞP-Ixyen;いづみ;;;0;;山辺
急行;IN09;[菱池]本初台驛;驛;LD-Pónşiǝŕ-dai;ぽんしおるだい;;;0;;菱池
急行;X67;粉河驛;驛;Fóngap;こがわ;;;0;;粉河
特急;X70;黄雀驛;驛;Waŋzák;わう゚さ゚く;;;0;;黄雀
急行;X75;梁島驛;驛;Liaŋtáu;やなじま;;;0;;梁島
快速;X54;桂台驛;驛;Kyédai;かつらだい;;;0;;桂台
各停;LP36;柯西驛;驛;Kase/Cauchy;コーシー;;;0;;柯西
各停;LP43;安戸驛;驛;Anqó;やすど;;;0;;安戸
快速;X62;蘿塘驛;驛;Ladaŋ;ら゚どて;;;0;;蘿塘
特急;X65;藍地驛;驛;Lamdí;ら゚むぢ;;;0;二等驛;藍地
快速;XD61;[平沼]菱田驛;驛;BÇ-Liǝŋda;ひしだ;;;0;;平沼
快速;XD63;[潭城]松戸驛;驛;DJ-Soŋqó;まつど;;;0;;潭城
急行;X70;黄雀驛;驛;Waŋzák;わう゚さ゚く;;;0;;黄雀
特急;E00;鹽州驛;驛;Şi'ósu;しをす;;;0;一等驛;鹽州
快速;ED90;陀城驛;驛;Dajro;だじろ;;;0;;陀城
快速;ED80;吹島驛;驛;Fykíşima;ふきしま;;;0;;吹島
特急;E20;硫浦驛;驛;I'ówra;いをうら;;;0;一等驛;硫浦
快速;ED82;鴨居リゾルツ驛;驛;KI-Resort;かもいリゾルツ;横浜市鴨居;;0;;鴨居
快急;H585;笹原驛;驛;Sasáwra;ささわら;;;0;二等驛;笹原
快速;LP36;柯西驛;驛;Kase/Cauchy;コーシー;;;0;;柯西
各停;LP41;宝華新田驛;驛;PW-Sǝnda;すおんだ;;;0;;宝華
急行;L55;緑浦驛;驛;Liókfó;みどりうら;;;0;;緑浦
急行;PG55;六日市驛;驛;Liúkñílti;むいかち;;;0;三等驛;六日
各停;LP46;[結山]月城町驛;驛;KŞ-Týkjeŋr-met;つきぎがまち;;;0;;結山
急行;PG58;[粉河]月陰驛;驛;FQ-Týk'im;つきいむ;;;0;三等驛;粉河
各停;YS62;[桑田]若木驛;驛;SD-Ñiákmók;わかぎ;;;0;;桑田
快速;L60;河原驛;驛;Gapŋyen;かわら;;;0;;河原
快速;L63;濼電金町驛;驛;Lákdén-Kimmet;ら゚くでんかなまち;;;0;;濼電
快速;L45;中泉驛;驛;Truŋxyen;なかいづみ;磐田市中泉町;;0;;中泉
各停;L30;砼城驛;驛;Doŋjeŋ;どう゚ぎ;;;0;;砼城
快速;L40;蜻蛉驛;驛;Zeŋleŋ;せ゚い゚れい゚;;;0;;蜻蛉
快速;F58;鏡城驛;驛;Kéŋjeŋ;かがみぎ;;;0;四等驛;鏡城
各停;F20;太和驛;驛;Þái'wa;°たいわ;;;0;三等驛;太和
快速;F30;水口驛;驛;Şýchó;みなぐち;;;0;三等驛;水口
快速;F35;新堤驛;驛;Sǝnte;にゐづつみ;;;0;三等驛;新堤
急行;F45;水街驛;驛;Şýkrai;みなまち;;;0;三等驛;水街
快速;FG70;淺井驛;驛;Sénzéŋ;あさゐ;;;0;三等驛;淺井
急行;WD70;蝶野驛;驛;Dev'iá;でゔの;;;0;;蝶野
快速;FD75;凼池驛;驛;Támdr;ためいけ;;;0;三等驛;凼池
各停;XE88;青急葛城驛;驛;Seŋkív-Katrági;せい゚きゔかつらぎ;;;0;;青急
急行;XE95;[鹽州]亀林驛;驛;ŞS-Keméba'ieş;かめばやし;;;0;;鹽州
快速;E05;鹽州大学驛;驛;ŞS-Dáirǝk;しをるだいるぉく;;;0;;鹽州
各停;F10;鉀碱驛;驛;Krávkrám;カリきらむ;;;0;三等驛;鉀碱
快速;FD90;新堤西驛;驛;Sǝnte-se;にゐづつみにし;;;0;三等驛;新堤
快速;FR78;柳涇西驛;驛;Liúkeŋ-se;やんぎみぞにし;;;0;四等驛;柳涇
快速;FR12;太和南驛;驛;Þái'wa-nam;°たいわみなみ;;;0;四等驛;太和
快速;F15;[太和]聯鈉驛;驛;ÞW-Lennáv;れんナトリ;;;0;四等驛;太和
貨物;FR32;辻橋貨物驛;驛;Jivgø-hwávǿl;つじばし°わゔをり;;;0;;辻橋
快速;FR40;音羽驛;驛;Im'ú;おとわ;;;0;三等驛;音羽
快速;L25;砼城嘌呤驛;驛;DJ-Føleŋ;プリン;;;0;;砼城
貨物;FR42;芝蘭貨物驛;驛;Cilan-hwámǿl;し゚ら゚ん°わもり;;;0;;芝蘭
急行;WL17;藤橋驛;驛;Dǝŋgø;ふぢばし;;;0;;藤橋
快速;HY30;伊渠驛;驛;Igǝ;いぎお;;;0;三等驛;伊渠
快速;FG40;蓮池驛;驛;Lendr;はすいけ;;;0;三等驛;蓮池
急行;FG50;坪間驛;驛;Beŋkran;つぼま;;;0;三等驛;坪間
各停;IR31;蕙心園驛;驛;Yésǝmr-yen;ゑしぉむるゑん;;;0;;蕙心
各停;QK07;[葛涇]玉符川驛;驛;KM-Ŋiókvu-gawa;き゚よくぶかわ;済南市玉符河;;0;;葛涇
貨物;F18;浦州郵便驛;驛;FS-Post;うらすつるう゚やう゚;;;0;;浦州
貨物;FE29;江東貨物驛;驛;KT-Cargo;きるう゚と゚°わゔをり;;;0;;江東
貨物;PL95;石井貨物驛;驛;JZ-Cargo;いしゐ°わゔをり;;;0;;石井
特急;M00;源州驛;驛;Ŋyensu;みどす;;;0;一等驛;源州
特急;Q50;櫻井驛;驛;Sakwrái;さくらい;櫻井純;1918 湖陰本線堤口帆柄間開業に際して;0;;櫻井
快速;QT70;凪和驛;驛;Ñéŋ'wa;なぎわ;;;0;;凪和
急行;N85;澩溪驛;驛;Keléxwa;かれざわ;;;0;三等驛;澩溪
特急;Q00;今切市驛;驛;Ŋimsélr-jí;き゚むせりルじ;浜名湖今切口;;0;;今切
急行;N55;汮陽驛;驛;Kyñ'iaŋ;きゐんやう゚;;;0;二等驛;汮陽
特急;Q90;堤口驛;驛;Techó/Døtégyt;どてぐち;済南市堤口路;1918 湖陰本線堤口帆柄間開業に際して;0;;堤口
急行;N95;柳花泊驛;驛;Liúhwrabak;りゆ°うらどまり;;;0;三等驛;柳花
快速;Q60;採蘋驛;驛;Mótøl;もとり;;1918 湖陰本線堤口帆柄間開業に際して;0;;採蘋
各停;QA45;金町驛;驛;Kanámet;かなまち;東京都金町;;0;;金町
特急;Q30;帆柄驛;驛;Fógra;ほがら;;1918 湖陰本線堤口帆柄間開業に際して;0;;帆柄
快速;QN35;小沼驛;驛;Kónuma;こぬま;;;0;;小沼
快速;QN38;隆山驛;驛;Taká'iama;たかやま;;;0;;隆山
急行;N90;丹堰驛;驛;Ñixek;にぜき;;;0;三等驛;丹堰
快速;N80;惠山驛;驛;Yéşran;ゑやま;;;0;三等驛;惠山
快速;N75;春漣驛;驛;Şyñlen;しゐんれん;;;0;三等驛;春漣
急行;Q15;傾涯驛;驛;Ñeméŋak;なめか゚く;;;0;;傾涯
急行;N65;迭津驛;驛;Delzǝn;でりつ;四川省迭部県;;0;三等驛;迭津
急行;PC85;松籟谷驛;驛;SL-r-kók;まつかぜがや;;;0;三等驛;松籟
快速;N40;坂中驛;驛;Fántruŋ;さかなか;;;0;三等驛;坂中
急行;N60;織原驛;驛;Ciǝ́kŋyen;をりわら;;;0;三等驛;織原
高速;N105;新源州驛;驛;Sǝn-Midósu;すおんみどす;;;0;一等驛;新源
特急;N70;今切橋驛;驛;ŊS-r-gø;き゚むせりがはし;浜名湖今切口;;0;二等驛;今切
準高;KS50;中嶺驛;驛;Truŋléŋ;なかみね;;;0;三等驛;中嶺
特急;H650;鵜泊驛;驛;Udómel;うどまり;;;0;一等驛;鵜泊
急行;G55;高軒驛;驛;Kauhen;たかや;;;0;三等驛;高軒
貨物;Q55;櫻井貨物驛;驛;SI-Cargo;さくらい°わゔをり;;1918 湖陰本線堤口帆柄間開業に際して;0;;櫻井
急行;Q25;成環驛;驛;Nál'wa;なるわ;;;0;;成環
急行;Q10;曙ヶ歩危驛;驛;Ekebóngabøke;あけぼんがぼけ;阿波州三好市大步危;;0;;曙ヶ
快速;QK20;蒲川驛;驛;Kamágawa;かまがわ;;;0;;蒲川
各停;N110;葛涇驛;驛;Kuúsúmixo;くずみぞ;;;0;三等驛;葛涇
快速;N115;千頃驛;驛;Senchyéŋ;せん°きゑい゚;;;0;三等驛;千頃
急行;N120;珊橋驛;驛;Tamábeş;たまばし;;;0;二等驛;珊橋
快速;N125;新城驛;驛;Ñýşro;にゐしろ;;;0;三等驛;新城
特急;H730;苅安驛;驛;Kél'ias;かりやす;;;0;二等驛;苅安
快速;QT80;[千頃]遍照寺驛;驛;SC-Pénçǿr-xǝ́;ぺんせ゚うるずお;;;0;;千頃
快速;QT78;[凪和]月夜野驛;驛;NW-Tyk'ióno;つきよの;上野州利根郡月夜野町;;0;;凪和
快速;QT72;[凪和]花穗原驛;驛;NW-Fanabówra;はなぼわら;;;0;;凪和
快速;QT63;萱汀驛;驛;Ka'iáñeŋsa;かやなぎさ;;;0;;萱汀
急行;N112;蒲陰驛;驛;Kamá'im;かまいむ;;;0;三等驛;蒲陰
貨物;N92;丹堰貨物驛;驛;ÑX-Cargo;にぜき°わゔをり;;;0;;丹堰
各停;KK86;猫耳山驛;驛;Mrauñír-şran;ねこみみがやま;;;0;;猫耳
各停;QA47;[櫻井]追分驛;驛;SI-Ǝ́iwake;おいわけ;地形;;0;;櫻井
急行;QE40;隆山高原驛;驛;TI-Kauŋyen;たかやまかうき゚ゑん;;;0;;隆山
各停;QA41;城ヶ崎驛;驛;Jrógasek;じろがさき;;;0;;城ヶ
各停;QA42;[金町]久保和驛;驛;KM-Kúbowa;くぼわ;;;0;;金町
各停;QK22;蒲川東驛;驛;Kamágawa-toŋ;かまがわひんがし;;;0;;蒲川
快速;NV10;杁橋驛;驛;Ílŋagǝ́i;いりばし;;;0;三等驛;杁橋
快急;H610;散江驛;驛;Tíl'ie;ちりえ;;;0;三等驛;散江
快速;H610;散江驛;驛;Tíl'ie;ちりえ;;;0;三等驛;散江
特急;L02;江東道站;站;KT-ŕ-dáu;きるう゚とう゚がみち;;;0;;江東
急行;L01;江東海岸站;站;KT-Háiŋán;きるう゚とう゚°あいか゚ん;;;0;;江東
急行;UK05;芝浦站;站;Cifó;しばうら;東京都芝浦;;0;;芝浦
急行;UK04N;芝浦海岸站;站;CF-Háiŋán;しばうら°あいか゚ん;;;0;;芝浦
快急;UK01;[江東]州庁站;站;KT-Suþeŋ;す°てい゚;;;0;;江東
急行;UK02N;[江東]呉服町站;站;KT-Ŋovukŕ-met;こ゚ゔくてい゚;;;0;;江東
快急;UK04;[芝浦]妙見站;站;CF-Mǿkén;めうけん;;;0;;芝浦
各停;H505;[江東]中華街站;站;KT-Truŋ'wraŕkrai;つるう゚ゐらきらい;;;0;三等站;江東
各停;UF00N;辰巳站;站;Jiñxǝ́;たつみ;東京都辰巳;;0;;辰巳
各停;H515;[江東]丹城町站;站;KT-Tanjeŋŕ-met;にじろまち;;;0;三等站;江東
各停;H520;[芝浦]竹内站;站;CF-Trúknái;たけうち;奈良県竹内街道;;0;三等站;芝浦
各停;H495;[四方]海津道站;站;IF-Háizǝnr-dáu;うみづみち;;;0;四等站;四方
各停;H488;[坤順]新地站;站;CJ-Sǝndí;すおんぢ;;;0;四等站;坤順
各停;H482;[坤順]石塘站;站;CJ-Jekdaŋ;いしどて;;;0;四等站;坤順
各停;H478;[坤順]鑭衢站;站;CJ-Langu;ランタンどをり;;;0;四等站;坤順
各停;H476;[坤順]杉津站;站;CJ-Şramzǝn;すぎづ;;;0;四等站;坤順
各停;UF00R;辰巳埠頭站;站;Jiñxǝ́-Vúdo;たつみゔど;東京都辰巳;;0;;辰巳
各停;F03;[北関]成津站;站;PK-Jeŋzǝn;なりづ;;;0;四等站;北関
各停;F07;[清江]下塘站;站;SK-Voldaŋ;しもどて;;;0;四等站;清江
各停;HA23;[芝浦]八剱町站;站;CF-Prálkémr-met;やつるぎまち;;;0;四等站;芝浦
各停;HA26;[芝浦]一色站;站;CF-LŕŞiǝ́k;りるしおく;名古屋市下之一色町;;0;三等站;芝浦
急行;UK06;[芝浦]鷺涇站;站;CF-Lókeŋ;さぎみぞ;;;0;;芝浦
各停;HA28;[新濱]港和坊站;站;SP-Krǝ́ŋ'war-vaŋ;きるう゚わがわ゙う゚;;;0;四等站;新濱
各停;FE27;[辰巳]港橋坊站;站;JX-Krǝ́ŋgør-vaŋ;きるう゚げうがわ゙う゚;;;0;五等站;辰巳
各停;FE26;[辰巳]港舟坊站;站;JX-Krǝ́ŋciur-vaŋ;きるう゚し゚うがわ゙う゚;;;0;五等站;辰巳
急行;UK27;新濱西站;站;Sǝnpiñ-se;にいわまにし;;;0;;新濱
各停;UK30;[新濱]港怡坊站;站;SP-Krǝ́ŋ'ir-vaŋ;きるう゚いがわ゙う゚;;;0;;新濱
各停;UK31;[新濱]港済坊站;站;SP-Krǝ́ŋzér-vaŋ;きるう゚せ゚がわ゙う゚;;;0;;新濱
各停;H532;[新濱]港裕坊站;站;SP-Krǝ́ŋ'úr-vaŋ;きるう゚う゚がわ゙う゚;;;0;四等站;新濱
各停;H531;[新濱]柳園站;站;SP-Liú'yen;やなぎぞの;敦煌市柳園;;0;四等站;新濱
各停;H526;[芝浦]緑苑站;站;CF-Liók'yén;りよくゑん;;;0;四等站;芝浦
各停;H527;[芝浦]新川站;站;CF-Sǝnşyen;すおんがわ;;;0;三等站;芝浦
各停;H528;[新濱]瀬晴站;站;SP-Láixeŋ;せばる;;;0;四等站;新濱
各停;HA21;[旭山]新渡戸站;站;HŞ-Sǝndóqó;にとべ;;;0;四等站;旭山
各停;HA18;[旭山]雁追坊站;站;HŞ-Ŋrántrur-vaŋ;かりをいわ゙う゚;;;0;四等站;旭山
各停;HA10;[安涇]義和站;站;AK-Ŋí'wa;き゚わ;;;0;三等站;安涇
各停;HA02;[清江]馳道站;站;SK-Drdáu;ぢるだう;;;0;三等站;清江
各停;HA01;[乾建]滅川站;站;GK-Mélşyen;めりがわ;川勝平太;;0;四等站;乾建
急行;L11;[弥榮]浦大西口站;站;MY-Fódái-sechó;うらだいにしぐち;;;0;;弥榮
急行;L12;[弥榮]豊洲站;站;MY-Fuŋsu;とよす;;;0;;弥榮
各停;L13;[弥榮]豊洲北站;站;MY-Fuŋsu-pǝ́k;とよすきた;;;0;;弥榮
快急;UK98;[四方]大手道站;站;IF-Dáişiúr-dáu;ををてがみち;;;0;;四方
快急;UK96;[四方]北関道站;站;IF-Pǝ́kkwranr-dáu;ぽぉっくらんがみち;;;0;;四方
快急;UK95;[四方]乾建道站;站;IF-Genkénr-dáu;あまたけがみち;;;0;;四方
各停;UJ92;[四方]西関道站;站;IF-Sekwranŕ-dáu;せくらんがみち;;;0;;四方
各停;UF93;[四方]坤順道站;站;IF-Chonjýñr-dáu;つちのぶがみち;;;0;;四方
急行;UK93;[乾建]日枝坊站;站;GK-Mítker-vaŋ;みつけがわ゙う゚;;;0;;乾建
急行;UK92;[乾建]惠津站;站;GK-Yézǝn;ゑつ;;;0;;乾建
急行;UK91;[乾建]草梁站;站;GK-Sáuliaŋ;くさやな;;;0;;乾建
急行;UD09;[弥榮]海月台站;站;MY-Háitýkr-dai;うみづきがだい;;;0;;弥榮
急行;UT08;弥榮站;站;Mi'yeŋ;やさか;;;0;;弥榮
急行;UD07;[弥榮]網島站;站;MY-Máŋtáu;あみじま;;;0;;弥榮
急行;UT16;[旭山]六里坪站;站;HŞ-Liúklír-beŋ;りゆくりつぼ;;;0;;旭山
各停;UT24;旭山区庁站;站;HŞ-Chuþeŋ;あさひやま°く°てい゚;;;0;;旭山
急行;US96;[北関]椿集站;站;PK-Þrunxǝv;つばきち;;;0;;北関
急行;US98;[北関]玉城站;站;PK-Ŋiókjeŋ;たまぎ;;;0;;北関
急行;US01;[北関]五里店站;站;PK-Ŋólír-tém;こ゚りがてむ;;;0;;北関
急行;US04;[北関]朝瀾站;站;PK-Tølan;あさなみ;;;0;;北関
急行;US12;安涇本通站;站;AK-Pónþoŋ;やすみぞぽんどをり;;;0;;安涇
急行;US90;西関站;站;Sekwran;せくらん;;;0;;西関
各停;UT78;[紫竹]松風台站;站;ZT-Soŋfuŋŕ-dai;まつかぜがだい;;;0;;紫竹
急行;US85;[入船]扇町站;站;ÑJ-Şénmet;あうぎまち;;;0;;入船
急行;US82;入船站;站;Ñívjyen;いりふね;;;0;;入船
急行;US80;[入船]中川站;站;ÑJ-Truŋşyen;なかがわ;;;0;;入船
急行;US78;[入船]月見岡站;站;ÑJ-Týkkénr-kaŋ;つきみをか;;;0;;入船
急行;US71;[細沙]平濱站;站;SŞ-Beŋpiñ;ひらわま;;;0;;細沙
急行;UT93;[西関]估衣市站;站;SK-Kó'i'rti;こいがち;;;0;;西関
急行;UT90;[西関]新街口站;站;SK-Sǝnkraichó;しぉんきらい°こ;;;0;;西関
急行;UT85;浦州競技場前站;站;FS-Géŋgídraŋ-xen;げい゚ぎぢらう゚ぜん;;;0;;浦州
各停;UT80;紫竹林站;站;Zǝ́trúklim;す゚おつるくりむ;;;0;;紫竹
各停;UT88;紫竹觀音站;站;ZT-Kwan'im;し゚ぉつるくくゎんいむ;;;0;;紫竹
各停;WT70;函関站;站;Qamkwran;はこぜき;;;0;;函関
各停;UT28;[碧連]杉澤站;站;PL-Şramdrak;すぎざわ;;;0;;碧連
各停;UT33;[碧連]大和通站;站;PL-Dáiwar-þoŋ;やまとどをり;;;0;;碧連
各停;UT34;[碧連]彩溪公園站;站;PL-Sáiche-koŋ'yen;さい°けこう゚ゑん;;;0;;碧連
急行;XC27;[江東]新居站;站;KT-Sǝnkǝ;にゐゐ;;;0;;江東
快速;XC28;[旭山]成和站;站;HŞ-Jeŋ'wa;なるわ;;;0;;旭山
各停;XC31;[滴原]八郷站;站;TŊ-Prálhiaŋ;やざと;;;0;;滴原
各停;XC32;[滴原]鮎川驛;驛;TŊ-Nemşyen;あゆがわ;;;0;;滴原
各停;XC34;慈雲三坊站;站;Xǝ'yøn-sam-vaŋ;じぉえうんさむわ゙う゚;香港慈雲山;;0;;慈雲
急行;UT04;[弥榮]柳塘站;站;MY-Liúdaŋ;やんぎどて;;;0;;弥榮
各停;UK96N;北関站;站;Pǝ́kkwran;ぽおっくらん;;;0;;北関
各停;WT53;[端原]錦町站;站;TŊ-Kímmet;にしきまち;;;0;;端原
各停;WT55;[函城]千本站;站;QJ-Senpón;せんぽん;;;0;;函城
各停;H442;[冶城]納屋町站;站;IJ-Náv'wókr-met;なやまち;名古屋市納屋橋;;0;四等站;冶城
各停;H443;[銥山]田原站;站;IŞ-Daŋyen;たわら;;;0;四等站;銥山
各停;H446;[端原]和田濱站;站;IŞ-Wadapiñ;わだわま;神戸市和田岬;;0;四等站;端原
各停;H448;[端原]港町站;站;TŊ-Krǝ́ŋmet;みなとまち;;;0;四等站;端原
各停;H453;[淺川]葉村站;站;SŞ-Iévson;はむら;;;0;四等站;淺川
急行;H457;[淺川]夢島站;站;SŞ-Múŋtáu (USILA);ゆめじま;;;0;三等站;淺川
各停;H458;[知里]燕来站;站;TL-Énlai;えんら゚い;;;0;四等站;知里
各停;H468;[岬西]向津站;站;KS-Hiáŋzǝn;むかいづ;;;0;四等站;岬西
各停;H472;[岬西]三里台站;站;KS-Samlír-dai;さむりがだい;;;0;四等站;岬西
快速;H438;冶城西站;站;Iájeŋ-se;ねりぎにし;湖北省大冶市;;0;四等站;冶城
各停;WT39;[銥山]塘口站;站;IŞ-Daŋchó;どてぐち;;;0;;銥山
各停;WT41;[銥山]三才站;站;IŞ-Samxai;さむざい;;;0;;銥山
各停;WT44;[銥山]楓涇站;站;IŞ-Fuŋkeŋ;かえでみぞ;;;0;;銥山
急行;WT47;[端原]祇園站;站;TŊ-Gi'yen;ぎぃゑん;;;0;;端原
快速;WT35;稲舟站;站;Dáuciu;いなふね;;;0;;稲舟
快速;WT32;長津八幡站;站;DZ-Prálfan;ながつぴらるはん;;;0;;長津
快速;FD27;伊田北站;站;Ida-pǝ́k;いだきた;;;0;四等站;伊田
快速;W45;犬迎橋站;站;Chyénŋeŋr-gø;いぬむかえばし;;;0;;犬迎
快速;W60;基線中央站;站;Kisén-truŋ'iaŋ;きせんちるう゚やう゚;;;0;;基線
各停;W75;[深溝]社林站;站;ŞK-Jiálim;じやりむ;;;0;;深溝
快速;W80;[秋葉]磷苷站;站;SI-Liñkam;りんかむ;;;0;;秋葉
各停;W85;[秋葉]亀屋站;站;SI-Kywók;かめや;;;0;;秋葉
快速;H406;[海安]櫻川站;站;HA-Ǝŋşyen;さくらがわ;;;0;四等站;海安
快速;H408;[海安]芳田站;站;HA-Faŋda;よしだ;;;0;四等站;海安
各停;W06;[海安]網戸站;站;HA-Máŋqó;あみど;;;0;;海安
快速;W28;西原田澤站;站;Seŋyen-Dadrak;にしわらだざわ;;;0;;西原
各停;W08;[海安]成津站;站;HA-Jeŋzǝn;なりづ;;;0;;海安
各停;W15;[漣陰]興福寺站;站;LI-Hiǝŋfúkr-xǝ́;°よぉう゚ふくがじぉ;;;0;;漣陰
各停;XC40;[莱野]甲辰村站;站;LI-Krávjiñr-son;きのえたつむら;;;0;;莱野
各停;XC47;[芝蘭]淺津站;站;CL-Sénzǝn;あさづ;;;0;;芝蘭
快速;XE52;[芝蘭]羊角浦站;站;CL-Iaŋkrǝ́kr-fó;やう゚きるくがうら;;;0;;芝蘭
快速;XE53;櫻涇站;站;Ǝŋkeŋ;さくらみぞ;;;0;;櫻涇
快速;XE58;鹿苑站;站;Lók'yén;しかぞの;;;0;;鹿苑
快速;XE67;[潭城]霞山站;站;DJ-Raşran;かすみやま;;;0;;潭城
快速;XE68;[九里]向浦站;站;KL-Hiáŋfó;むかいうら;;;0;;九里
各停;H452;[端原]氷川町站;站;TŊ-Piǝŋşyenŕ-met;ひかわまち;;;0;四等站;端原
各停;L17;[安涇]平水站;站;AK-Beŋşý;ひらみづ;;;0;;安涇
各停;H477;[坤順]吲哚站;站;CJ-Íñtwá;インドール;;;0;四等站;坤順
各停;UK33;青洲西站;站;Seŋsu-se;あをすにし;;;0;;青洲
各停;UK34;伊知站;站;Itr;いちる;;;0;;伊知
各停;X49;[芝蘭]平和島站;站;CL-Beŋ'waŕ-táu;べい゚わがしま;;;0;;芝蘭
各停;X46;[榮川]朝厳寺站;站;Døŋemŕ-xǝ́;でうけ゚むるじぉ;;;0;;榮川
各停;X36;青急柏原站;站;Seŋkív-Prákŋyen;せい゚きゔかしわばら;;;0;;青急
各停;X41;[渟河]鮨橋站;站;DG-Cígø;すしばし;;;0;;渟河
各停;X39;渟河中央站;站;Deŋgap-truŋ'iaŋ;ぬがわつるう゚やう゚;;;0;;渟河
各停;X38;[渟河]月津站;站;DG-Týkzǝn;つきづ;;;0;;渟河
各停;UM51;[端原]榮町站;站;TŊ-Yeŋmet;さかえまち;;;0;;端原
各停;UM52;[端原]山手站;站;TŊ-Şranşiú;やまのて;;;0;;端原
各停;UM53;[端原]鈴野站;站;TŊ-Leŋ'iá;すずの;;;0;;端原
各停;UM54;端原理研站;站;TŊ-Líŋen;はたわらりけ゚ん;;;0;;端原
各停;UM49;[端原]濱町站;站;TŊ-Piñmet;はままち;;;0;;端原
各停;UM48;[端原]築地站;站;TŊ-Trúkdí;つきぢ;;;0;;端原
各停;UM47;[端原]市庁站;站;TŊ-Jíþeŋ;じ°てい゚;;;0;;端原
各停;UM46;端原埠頭站;站;TŊ-Vúdo;はたわらゔど;;;0;;端原
各停;HA30A;第一客運楼站;站;T1;;;;0;;第一
各停;HA30B;第二客運楼站;站;T2;;;;0;;第二
急行;HA22;浦州大学站;站;FS-Dáirǝk;うらすだいるおく;;;0;三等站;浦州
各停;H544;轟坂站;站;Hwrǝŋfán;とどろきざか;;;0;五等站;轟坂
急行;H550;千林站;站;Senlim;ちばやし;;;0;四等站;千林
各停;UX49;[晴海]元町站;站;FM-Motómet;もとまち;;;0;;晴海
各停;UX48;[晴海]鍛冶町站;站;FM-Kejímet;かじまち;;;0;;晴海
各停;UX47;[晴海]天理教前站;站;FM-Þenlíkráu-xen;°てんりきらうぜん;;;0;;晴海
各停;UX46;[晴海]海濱公園中站;站;FM-Háipiñ-koŋ'yen-truŋ;°あいぴんこう゚ゑんなか;;;0;;晴海
各停;UX51;[晴海]禅林寺站;站;FM-Jenlimŕ-xǝ́;ぜんりむるじぉ;;;0;;晴海
各停;UX52;[晴海]成羽站;站;FM-Nál'wa;なるわ;;;0;;晴海
各停;UW72A;[深溝]新西道站;站;ŞK-Sənsedáu;すおんせだう;;;0;;深溝
各停;UH32N;莱野站;站;Lai'iá;やぶの;;;0;;莱野
快急;UK03;[江東]鍛冶町站;站;KT-Twán'iár-met;かじまち;;;0;;江東
急行;UK00N;[江東]上林町站;站;KT-Jiáŋlimr-met;じゃう゚りむがまち;;;0;;江東
各停;XV53;[次仁]菱方站;站;SÑ-Liǝŋfaŋ;ひしかた;;;0;;次仁
各停;XV57;[次仁]日出町站;站;SÑ-Mítşýlr-met;ひのでまち;;;0;;次仁
各停;XE72;螢潭站;站;Yeŋdam;ほたるがダム;;;0;;螢潭
各停;XE85;隠珠山徑站;站;Ǝ́nciu-şrankéŋ;おんし゚ゅしらんけい゚;;;0;;隠珠
快速;UW80D;[末盛]石巻站;站;MJ-Jekkyén;いしまき;;;0;;末盛
各停;LP34;浦州競馬場前站;站;FS-Géŋmrádraŋ-xen;げい゚みらぢらう゚ぜん;;;0;;浦州
各停;N01;[禾州]青年站;站;WS-Seŋnen;せい゚ねん;;;0;四等站;禾州
各停;F98;興産門站;站;Hiǝŋşránr-mon;ひぉう゚しらんるもん;;;0;四等站;興産
特急;IL07;桂川驛;驛;Kyéşyen;かつらがわ;;;0;;桂川
急行;IL08;旅安門站;站;Lǝ́'anr-mon;りぉあんるもん;;;0;;旅安
急行;IL11;芳浦青年站;站;Faŋfó-Seŋnen;よしうらせい゚ねん;;;0;;芳浦
急行;IL12;攬江楼站;站;Lámkrǝŋr-lo;らむきるう゚るろ;;;0;;攬江
各停;IA90;甘泉門站;站;Kamxyenŕ-mon;かむじゑんるもん;;;0;;甘泉
各停;IB22;鈴蘭橋站;站;Leŋlanŕ-gø;すずら゚んがはし;神戸市鈴蘭台;;0;;鈴蘭
各停;IB20;鈴蘭中山站;站;Leŋlan-Truŋşran;すずらんつるう゚しらん;;;0;;鈴蘭
各停;IJ93;清輝門站;站;Seŋhyŕ-mon;せい゚°ゐるもん;;;0;;清輝
各停;IR83;廣通門站;站;Kwáŋþoŋr-mon;くゎう゚°とう゚るもん;;;0;;廣通
各停;IR81;廣通建業站;站;Kwáŋþoŋ-Kénŋév;くゎう゚°とう゚けんけ゚ゔ;;;0;;廣通
各停;IB23;鈴蘭東堀站;站;Leŋlan-Toŋgøl;すずらんひんがしぼり;;;0;;鈴蘭
各停;IR32;電視塔站;站;Dénjír-þáv;でんじる°たゔ;;;0;;電視
各停;ID40;蓮台中山站;站;Lendai-Truŋşran;れんだいつるう゚しらん;;;0;;蓮台
各停;IR78;開遠門站;站;Chai'yénr-mon;°かいゑんるもん;西安市開遠門;;0;;開遠
各停;F99;国立博物館站;站;National Museum;くぉくりゔぱくゔをりくゎん;;;0;四等站;国立
急行;IL09;蘅香泊站;站;Raŋhiaŋŕ-bak;らう゚°やう゚がとまり;;;0;;蘅香
各停;IB19;鈴蘭維新站;站;Leŋlan-Ysǝn;すずらんゐしぉん;;;0;;鈴蘭
各停;IR29;朱雀医大站;站;Ciuzák-Idái;し゚ゅさ゚くいだい;;;0;;朱雀
各停;IW89;熙林豊洲站;站;Hilim-Fuŋsu;°いりむとよす;;;0;;熙林
各停;IR79;豊穰壇站;站;Fuŋñiáŋr-dan;とよしげがだん;;;0;;豊穰
各停;N02;[禾州]跨越站;站;WS-Chó'yél;°こゑり;;;0;四等站;禾州
各停;ID91;含光門站;站;Qamkwaŋŕ-mon;あ゙むくゎう゚るもん;;;0;;含光
各停;IK71;北大路建業站;站;Pǝ́kdáiló-Kénŋév;きたをぢけんけ゚ゔ;;;0;;北大
各停;IW69;豊洲門站;站;Fuŋsuŕ-mon;とよすがもん;;;0;;豊洲
各停;IJ87;熙林復興站;站;Hilim-Vukhiǝŋ;°いりむゔく°よぉう゚;;;0;;熙林
各停;IR77;開遠復興站;站;Chai'yén-Vukhiǝŋ;°かいゑんゔく°よぉう゚;;;0;;開遠
各停;IR28;月見西堀站;站;Týkkén-Segøl;つきみにしぼり;;;0;;月見
各停;ID37;蓮台復興站;站;Lendai-Vukhiǝŋ;れんだいゔく°よぉう゚;;;0;;蓮台
各停;ID39;獲鹿池站;站;Wrǝklúkr-dr;とるしかがいけ;;;0;;獲鹿
各停;ID38;蓮台大学站;站;Lendai-Dáirǝk;れんだいだいろぉく;;;0;;蓮台
各停;IR82;東大寺站;站;Toŋdáixǝ́;とう゚だいずお;京都市東寺;;0;;東大
各停;IK72;北大路榮光站;站;Pǝ́kdáiló-Yeŋkwaŋ;ぽおくだいろゑい゚くわう゚;;;0;;北大
各停;IB21;慈恩塔站;站;Xǝ'onŕ-þáv;じぉをんる°たゔ;西安市大雁塔;;0;;慈恩
各停;IB16;鈴蘭西大街站;站;Leŋlan-Sedáikrai;すずらんにしをぢ;;;0;;鈴蘭
各停;IR27;板橋結站;站;Prángør-kél;いたばしがむすび;;;0;;板橋
各停;PD42;芙蓉橋站;站;Vu'ioŋŕ-gø;ゔよう゚がはし;;;0;四等站;芙蓉
各停;IK73;清陵橋站;站;Seŋliǝŋŕ-gø;せい゚りよう゚がはし;;;0;;清陵
各停;PT51;鳳栖南站;站;Vúŋse-nam;ゔう゚せみなみ;;;0;四等站;鳳栖
各停;PT52;[芙蓉]南大路跨越站;站;VI-Namdáiló-Chó'yél;みなみをぢ°こゑり;;;0;四等站;芙蓉
各停;I00A;承天門站;站;Jiǝŋþenŕ-mon;じぉう゚°てんるもん;;;0;;承天
急行;US88;[西関]劉志軍坊站;站;SK-Liu-Cíkøn-vaŋ;りうし゚けうんわ゙う゚;;;0;;西関
急行;PG46;[福原]袋町站;站;FŊ-Dáimet;ふくろまち;;;0;三等站;福原
各停;LB26;月見共和站;站;Týkkén-Gióŋ'wa;つきみぎょう゚わ;;;0;;月見
各停;PL34;[芙蓉]順安站;站;VI-Jýñ'an;のりやす;;;0;四等站;芙蓉
各停;PL44;芙蓉站;站;Vu'ioŋ;ゔよう゚;;;0;三等站;芙蓉
各停;PD55;中操西口站;站;Truŋsau-sechó;つるう゚さうにしぐち;;;0;四等站;中操
快速;IL22;[壬生]凼池站;站;ÑŞ-Támdr;ためいけ;;;0;;壬生
各停;G96;扶風站;站;Vufuŋ;ゔふう゚;;;0;四等站;扶風
各停;G76;[嵯峨]向山站;站;XŊ-Hiáŋşran;むかうやま;;;0;四等站;嵯峨
各停;G66;[嵯峨]茶園站;站;XŊ-Dra'yen;ぢらゑん;;;0;四等站;嵯峨
各停;A205;馮翊站;站;Biǝŋ'iǝ́k;びおう゚よおく;;;0;四等站;馮翊
各停;A185;春日站;站;Şyññíl;かすが;奈良市春日野;;0;三等站;春日
各停;IJ88;熙林門站;站;Hilimŕ-mon;°いりむるもん;;;0;;熙林
各停;IJ92;嘉禾大学站;站;Krawa-Dáirǝk;きらわだいろぉく;;;0;;嘉禾
各停;I00E;朱雀門站;站;Ciuzákr-mon;し゚ゅさ゚くるもん;;;0;;朱雀
各停;F85;布施站;站;Póşe;ぽせ;;;0;四等站;布施
各停;F96;[扶風]帯月站;站;VF-Táitýk;おびづき;;;0;四等站;扶風
快速;N07;鉄道博物館站;站;Þéldáu-pákmǿlkwán;°てりだうぱくもりくわん;;;0;三等站;鉄道
各停;L79;[鳳来]青衣街北站;站;VL-Seŋ'iŕ-krai-pǝ́k;あをごろもがきらいきた;;;0;;鳳来
各停;N05;[馮翊]富田站;站;BI-Fúda;とむだ;;;0;四等站;馮翊
急行;IL25;唐橋站;站;Daŋgø;からばし;;;0;;唐橋
急行;IL20;壬生川站;站;Ñimşeŋşyen;にぶがわ;;;0;;壬生
快速;IL24;[唐橋]引接寺站;站;DG-Ínzévr-xǝ́;いんせ゚ゔるじ;;;0;;唐橋
快速;IL18;[壬生]青山站;站;ÑŞ-Seŋşran;あをやま;;;0;;壬生
各停;PT78;[濼安]啓明坊站;站;LA-Chémeŋr-vaŋ;°けめい゚わ゙う゚;;;0;四等站;濼安
各停;PT82;[鳳来]内灘站;站;VL-Náiþan;うちなだ;;;0;四等站;鳳来
各停;L81;[鳳来]倭館站;站;VL-Wakwán;わくゎん;;;0;;鳳来
各停;L83;[鳳来]長田站;站;VL-Draŋda;ながだ;;;0;;鳳来
各停;L90;西洲站;站;Sesu;せす;;;0;;西洲
各停;PT88;[石堤]麟足站;站;JT-Liñzók;りんそ゚く;;;0;四等站;石堤
各停;PT91;八里岡站;站;Prállír-kaŋ;ぴらるりがおか;;;0;四等站;八里
各停;L77;[楡溪]星潭站;站;UC-Seŋdam;ほしいけ;;;0;;楡溪
各停;IN83;レゴラ゚ンド前站;站;Lególando-xen;レゴラ゚ンドまゑ;;;0;;レゴ
各停;LB90;湘澤站;站;Saŋdrak;さう゚ざわ;;;0;;湘澤
各停;L76;[竹西]坪石站;站;Beŋjek;つぼいし;;;0;;竹西
各停;L73;[白沙]茗荷站;站;BŞ-Meŋqa;めい゚あ゙;;;0;;白沙
各停;L72;[白沙]芦辺站;站;BŞ-Lopen;あしぺ;;;0;;白沙
各停;L71;柳岸八幡站;站;LŊ-Prálfan;やなぎぎしぴらるはん;;;0;;柳岸
各停;L68;[柳岸]須和站;站;LŊ-Suwa;すわ;;;0;;柳岸
各停;L65;新渡站;站;Sǝndó;にゐわたし;;;0;;新渡
各停;LB73;[平野]莎蘭站;站;BI-Swalan;すわらん;;;0;;平野
各停;LB77;[平野]紫窗站;站;BI-Zǝ́şrǝŋ;しまど;;;0;;平野
各停;LB78;長沼站;站;Draŋçǿ;ながぬま;;;0;;長沼
各停;LB88;柯枝站;站;Kaci;かし゚;;;0;;柯枝
各停;XB85;[山辺]柳甸站;站;ŞP-Liúdén;やんぎばた;;;0;;山辺
各停;IN91;[山辺]市集站;站;ŞP-Tixǝv;ちずぉゔ;;;0;;山辺
各停;IN02;超計算中心站;站;SupercomputingCenter;°てうけすわんつるう゚すぉむ;;;0;;超計
各停;IN92;[山辺]見晴站;站;ŞP-Kénxeŋ;みわらし;;;0;;山辺
快速;X92;櫻山大学站;站;Ǝŋşran-Dáirǝk;さくらやまだいるぉく;;;0;;櫻山
各停;IN86;[黎曼]桐花台站;站;RM-Doŋhwraŕ-dai;きりわながだい;;;0;;黎曼
各停;IN87;渤海大学站;站;Bolhái-Dáirǝk;ぼる°あいだいるぉく;;;0;;渤海
快速;X91;[山辺]紫芝站;站;ŞP-Zǝ́ci;す゚ぉしば;;;0;;山辺
快速;X93;[雨池]離宮站;站;UD-Likiuŋ;りきゅう゚;;;0;;雨池
各停;IN82;[鳳来]恒河路中站;站;VL-Qǝŋqaŕ-ló-truŋ;お゙う゚あ゙るろなか;;;0;;鳳来
各停;IN81;[鳳来]二中前站;站;VL-Ñítruŋ-xen;につるう゚ぜん;;;0;;鳳来
快速;WX42;[冶城]青葉站;站;IJ-Seŋ'iév;あをば;;;0;;冶城
快速;WX47;藤原站;站;Dǝŋŋyen;ふじわら;;;0;;藤原
各停;IN04;[蝶城]摘星台站;站;DJ-Trákseŋr-dai;ちらくせい゚るだい;;;0;;蝶城
快速;HY85;[秋葉]製糸場前站;站;SI-Césǝdraŋ-xen;せ゚すぉぢらう゚ぜん;富岡市製糸場;;0;四等站;秋葉
快速;HY55;蓮照寺站;站;Lençǿr-xǝ́;れんせ゚うるずぉ;;;0;四等站;蓮照
快速;FD35;鳶山北站;站;Yenşran-pǝ́k;とんびやまきた;;;0;三等站;鳶山
快速;X97;[雨池]椒花浦站;站;UD-Zøhwraŕ-fó;せ゚う°うらがうら;;;0;;雨池
急行;IN10;菱池中央站;站;Liǝŋdr-Truŋ'iaŋ;ひしいけつるう゚やう゚;;;0;;菱池
急行;IN79;[鳳来]十字街站;站;VL-Jivxǝ́rkrai;じゔずぉるきらい;;;0;;鳳来
急行;IN76;[濼安]市庁站;站;LA-Jíþeŋ;じ°てい゚;;;0;;濼安
急行;IN78;[濼安]平和橋站;站;LA-Beŋ'waŕ-gø;べい゚わがはし;;;0;;濼安
急行;IN12;[菱池]沙堤站;站;LD-Şrate;すなづつみ;;;0;;菱池
各停;IN06;[蝶城]清泉橋站;站;DJ-Seŋxyenŕ-gø;きよいづみがはし;;;0;;蝶城
各停;IN07;冬青站;站;Toŋseŋ;もちのき;;;0;;冬青
快速;X88;石蘭站;站;Jeklan;ぜきら゚ん;;;0;;石蘭
快速;X89;[山辺]牛込站;站;ŞP-Ŋiuñív;うしごめ;;;0;;山辺
快速;X82;[散野]經山站;站;SI-Keŋşran;けい゚しらん;;;0;;散野
快速;X78;針原口站;站;Cimŋyen-chó;はりわらぐち;;;0;;針原
快速;X72;[黄雀]檸川温泉站;站;WZ-Neŋşyen-Wonxyen;ねい゚がわをんじゑん;;;0;;黄雀
快速;X63;楠木村站;站;Nammókr-son;くすのきむら;;;0;;楠木
快速;X51;[芝蘭]板橋站;站;CL-Prángø;いたばし;;;0;;芝蘭
快速;X52;若藤站;站;Ñiákdǝŋ;わかふぢ;;;0;;若藤
快速;X56;[平沼]三方站;站;BÇ-Samfaŋ;みかた;;;0;;平沼
快速;X61;青急田澤站;站;Seŋkív-Dadrak;せい゚きゔだざわ;;;0;;青急
快速;X59;[平沼]鶴尾站;站;BÇ-Qakmí;つるを;;;0;;平沼
快速;FR35;柯西本町站;站;CC-Pónmet;ぽんまち;;;0;三等站;柯西
急行;YS60;桑田站;站;Saŋda;くわだ;;;0;;桑田
快速;L47;福原本通站;站;FŊ-Pónþoŋ;ぽんどり;;;0;;福原
各停;LP48;[福原]新街口站;站;FŊ-Sǝnkraichó;すぉんきらい°こ;;;0;;福原
各停;L53;[緑浦]楓橋站;站;LF-Fuŋgø;かゑでばし;;;0;;緑浦
各停;LP44;[安戸]秋津台站;站;AQ-Suzǝnŕ-dai;あきづがだい;;;0;;安戸
各停;PG51;[福原]汐水坊站;站;FŊ-Xekşýr-vaŋ;しをがわがわ゙う゚;;;0;四等站;福原
各停;PG43;[汀洲]傳馬町站;站;ÞS-Dyenmrár-met;ぢゑんみらるまち;;;0;四等站;汀洲
各停;PG53;[結山]蓬莱町站;站;KŞ-Boŋlaiŕ-met;ぼう゚ら゚いがまち;;;0;四等站;結山
各停;PG54;[六日]柳橋站;站;LÑ-Liúgø;やなぎがはし;;;0;四等站;六日
急行;PG57;[六日]桐川站;站;LÑ-Doŋşyen;きりがわ;;;0;四等站;六日
各停;LP42;濼電納山站;站;Lákdén-Návşran;ら゚くでんをさめやま;;;0;;濼電
各停;YS65;[黄雀]常普請村站;站;WZ-Jiaŋfóséŋ-son;じゃう゚ほせい゚むら;;;0;;黄雀
各停;YS68;[黄雀]榮町站;站;WZ-Yeŋmet;さかえまち;;;0;;黄雀
各停;L46;[福原]瓦町站;站;FŊ-Ŋwrámet;かわらまち;;;0;;福原
各停;LP49;[福原]派水坊站;站;FŊ-Fráişýr-vaŋ;ひらいがわがわ゙う゚;;;0;;福原
各停;L57;[緑浦]志木島站;站;LF-Címókr-táu;しきじま;;;0;;緑浦
各停;L56;[緑浦]燕澤站;站;LF-Éndrak;つばめざわ;;;0;;緑浦
各停;L62;[河原]千歳站;站;GŊ-Sensyé;ちとせ;;;0;;河原
各停;L61;[河原]豊潤道東站;站;GŊ-Fuŋñýñ-dáutoŋ;とよますみちひんがし;;;0;;河原
各停;L62;[河原]烏山緑地站;站;GŊ-Oşran-liókdí;からすやまりよくぢ;;;0;;河原
各停;L44;[中泉]隣田站;站;TX-Liñda;となりだ;;;0;;中泉
各停;E06;[鹽州]中井站;站;ŞS-Nákai;なかい;済南市中井庄;;0;;鹽州
各停;E07;[鹽州]下井站;站;ŞS-Şímǝi;しもい;済南市下井庄;;0;;鹽州
各停;L41;蜻蛉緑地站;站;ZL-Liókdí;せい゚れい゚りよくぢ;;;0;;蜻蛉
各停;L37;[澤田]玉函橋站;站;DD-Ŋiókqamr-gø;たまばこがはし;;;0;;澤田
各停;L38;[蜻蛉]原間站;站;ZL-Ŋyenkran;はらま;;;0;;蜻蛉
各停;L33;[澤田]夏野站;站;DD-Rá'iá;なつの;;;0;;澤田
各停;L32;砼城新町站;站;DJ-Sǝnmet;すおんまち;;;0;;砼城
各停;L22;砼城藤島站;站;DJ-Dǝŋtáu;ふぢしま;;;0;;砼城
各停;L18;[安涇]若塵站;站;AK-Ñiákdrn;わかちり;;;0;;安涇
快速;FR30;辻橋站;站;Jivgø;つじばし;;;0;三等站;辻橋
各停;XE90;苔溪站;站;Køkédeñ;こけだに;;;0;;苔溪
各停;XE98;[鹽州]秋江町驛;驛;ŞS-Ek'ié-ga-met;あきえがまち;;;0;;鹽州
快急;H605;[鹽州]榮町站;站;ŞS-Sakái-ga-met;さかえがまち;;;0;三等站;鹽州
快急;H607;[鹽州]曙町站;站;ŞS-Ekebón-met;あけぼんまち;;;0;三等站;鹽州
各停;H605N;[鹽州]丸伊那站;站;ŞS-Márina;まりな;;;0;;鹽州
快速;FG01;[豊浦]桐壺站;站;FF-Doŋqo;きりつぼ;;;0;四等站;豊浦
急行;FG02;[豊浦]東川站;站;FF-Toŋşyen;ひんがしがわ;;;0;四等站;豊浦
各停;E24;[硫浦]綾彁站;站;IW-É'iaka;あやか;;;0;;硫浦
各停;F08;[清江]上塘站;站;SK-Éşdaŋ;かみどて;;;0;四等站;清江
各停;F13;[太和]莱津站;站;ÞW-Laizǝn;やぶづ;;;0;四等站;太和
各停;F22;[太和]武庫北站;站;ÞW-Vúchó-pǝ́k;ゔ°こきた;;;0;四等站;太和
各停;F23;[通津]神谷町站;站;ÞZ-Jiñkókr-met;かみやがまち;;;0;四等站;通津
各停;F27;[通津]布衣町站;站;ÞZ-Pó'ir-met;ぽいがまち;;;0;四等站;通津
各停;F28;[水口]義和坊站;站;ŞC-Ŋí'war-vaŋ;き゚わるわ゙う゚;;;0;四等站;水口
各停;F32;[水口]赤闌橋站;站;ŞC-Şéklanr-gø;せきら゚んがはし;合肥市赤闌橋;;0;四等站;水口
各停;F33;[新堤]長良坊站;站;ST-Draŋlaŕ-vaŋ;ながらがわ゙う゚;長良川;;0;四等站;新堤
各停;F37;[新堤]笹原站;站;ST-Sásŋyen;ささわら;;;0;四等站;新堤
各停;F41;[汀洲]瑞穂站;站;ÞS-Jýxú;みづほ;;;0;四等站;汀洲
各停;F42;[汀洲]成和站;站;ÞS-Jeŋ'wa;なるわ;;;0;三等站;汀洲
各停;F44;[水街]愛林站;站;ŞK-Áilim;あいばやし;;;0;四等站;水街
各停;F47;[水街]天山坊站;站;ŞK-Þenşranŕ-vaŋ;°てんしらんルわ゙う゚;;;0;四等站;水街
各停;F48;[灌口]春岡站;站;KC-Şyñkaŋ;はるをか;;;0;四等站;灌口
各停;F51;[灌口]櫻町站;站;KC-Rǝŋmet;さくらまち;;;0;四等站;灌口
各停;F52;[灌口]厚風站;站;KC-Qófuŋ;あつかぜ;;;0;四等站;灌口
快速;FD85;小杉站;站;Sǿşram;こすぎ;;;0;四等站;小杉
快速;FD55;芝田站;站;Cida;しばだ;;;0;三等站;芝田
快速;WD65;芝田上水站;站;CD-Jiáŋşý;しばたじゃう゚しゐ;;;0;;芝田
快速;WD73;[蝶野]相生站;站;DI-Saŋşeŋ;あいおい;;;0;;蝶野
快速;WD77;柳涇公園站;站;LK-Koŋ'yen;やんぎみぞこう゚ゑん;;;0;;柳涇
快速;WD82;柳涇南站;站;Liúkeŋ-nam;やんぎみぞみなみ;;;0;;柳涇
快速;WD85;常磐台站;站;Jiaŋbanŕ-dai;じゃう゚ばんるだい;;;0;;常磐
快速;WD88;[清江]桐山台站;站;SK-Doŋşranŕ-dai;きりやまがだい;;;0;;清江
快速;HY40;漸陽站;站;Zem'iaŋ;せ゚むやう゚;地形;;0;四等站;漸陽
快速;FR33;須呉村站;站;Suŋoŕ-son;すこ゚むら;;;0;四等站;須呉
各停;LP37;[柯西]柚木原站;站;CC-Iúmókr-ŋyen;ゆのきわら;;;0;;柯西
快速;FR23;砼城南站;站;Doŋjeŋ-nam;どう゚ぎみなみ;;;0;四等站;砼城
快速;FR44;芝蘭北站;站;Cilan-pǝ́k;し゚ら゚んきた;;;0;四等站;芝蘭
快速;HY25;[葛野]新黄道站;站;KI-Sən'waŋdaú;すおんわう゚だう;;;0;四等站;葛野
快速;WD55;西原板橋站;站;Seŋyen-Prángø;にしわらいたばし;;;0;;西原
各停;E11;[散江]羥胺站;站;TI-Chiáŋ'án;°やう゚あん;;;0;;散江
快速;WD35;西原新田站;站;Seŋyen-Sǝnda;にしわらすおんだ;;;0;;西原
急行;P22;月溪站;站;Týkche;つきだに;;;0;四等站;月溪
各停;X42;[渟河]日砂村站;站;DG-Mítşrar-son;みっす゚なむら;;;0;;渟河
快速;GK57;高軒邑站;站;Kauhenŕ-ív;たかやがいゔ;;;0;三等站;高軒
快急;GK62;永安西站;站;Yéŋ'an-se;ながやすにし;;;0;三等站;永安
快速;GK59;[高軒]伊波站;站;KH-Ipa;いなみ;;;0;四等站;高軒
各停;G58;[高軒]石蒜村站;站;KH-Jekswánr-son;ぜきすわんるそん;;;0;四等站;高軒
各停;WA01;[豊浦]京町站;站;FF-Keŋmet;けい゚まち;;;0;;豊浦
各停;WA02;[豊浦]中河站;站;FF-Truŋgap;なかがわ;;;0;;豊浦
各停;WA03;[海安]市場站;站;HA-Tidraŋ;いちば;;;0;;海安
各停;WA04;[海安]元町站;站;HA-Ŋyenmet;もとまち;;;0;;海安
各停;WA05;[海安]平川一坊站;站;HA-Beŋşyen-lŕ-vaŋ;ひらかわりるわ゙う゚;;;0;;海安
各停;WA06;[海安]平川三坊站;站;HA-Beŋşyen-sam-vaŋ;ひらがわさむわ゙う゚;;;0;;海安
各停;WA07;[豊浦]柳堤站;站;FF-Liúte;やんぎづつみ;;;0;;豊浦
各停;WA08;[豊浦]松江站;站;FF-Soŋkrəŋ;そう゚きるう゚;松江府;;0;;豊浦
各停;WA09;[豊浦]霸家台站;站;FF-Prákradai;はかた;博多港;;0;;豊浦
各停;WA10;[豊浦]繁昌街站;站;FF-Vanşiaŋŕ-krai;わ゙んしゃう゚ルきらい;;;0;;豊浦
各停;WA11;[豊浦]北園站;站;FF-Pǝ́k'yen;きたぞの;済南市北園大街;;0;;豊浦
各停;WB01;[豊浦]平林站;站;FF-Beŋlim;ひらばやし;;;0;;豊浦
各停;WB02;[豊浦]竹原站;站;FF-Trúkŋyen;たけわら;;;0;;豊浦
各停;WB03;[豊浦]田根西站;站;FF-Dakon-se;たねにし;;;0;;豊浦
各停;WB05;[豊浦]田根站;站;FF-Dakon;たね;;;0;;豊浦
各停;WB04;[豊浦]鶴尾站;站;FF-Qakmí;つるを;;;0;;豊浦
各停;WB06;[豊浦]蓮池五坊站;站;FF-Lendr-ŋó-vaŋ;はすいけこ゚わ゙う゚;;;0;;豊浦
各停;WC11;[豊浦]東山站;站;FF-Toŋşran;ひんがしやま;;;0;;豊浦
各停;WB08;[豊浦]雁道東站;站;FF-Ŋrándáu-toŋ;き゚らんだうひがし;;;0;;豊浦
各停;WB09;[豊浦]雁道站;站;FF-Ŋrándáu;き゚らんだう;;;0;;豊浦
各停;WB10;[豊浦]望山站;站;FF-Váŋşran;わ゙う゚しらん;;;0;;豊浦
各停;WB07;[豊浦]蓮池站;站;FF-Lendr;はすいけ;;;0;;豊浦
各停;WC12;[豊浦]新屋熊站;站;FF-Sǝn'wók'iuŋ;にゐやぐま;;;0;;豊浦
各停;IB18;忘筌園站;站;Vaŋxyenŕ-yen;わ゙う゚じゑんるゑん;;;0;;忘筌
快速;PJ95;[砧原]馨川站;站;TŊ-Heŋşyen;かがわ;;;0;四等站;砧原
快速;PJ92;[石井]環四站;站;JZ-Wran'iøn;うらんよに;;;0;四等站;石井
快速;PJ80;[石井]金澤站;站;JZ-Kimdrak;かなざわ;;;0;四等站;石井
各停;PL94;芳筑站;站;Faŋtrúk;よしづき;;;0;三等站;芳筑
各停;PL96;[砧原]早閖站;站;TŊ-Záu'ýl;さゆり;;;0;四等站;砧原
各停;PL84;[碧塘]池東站;站;PD-Drtoŋ;ぢるとう゚;;;0;四等站;碧塘
急行;Q40;横塘站;站;Iokódøte;よこどて;;1918 湖陰本線堤口帆柄間開業に際して;0;;横塘
急行;FG20;葛野南站;站;Kál'iá-nam;かるのみなみ;;;0;四等站;葛野
急行;WL16;[葛野]向塘站;站;KI-Hiáŋdaŋ;むかいどて;南昌市向塘;;0;;葛野
急行;WL18;日枝原站;站;Mítker-ŋyen;みつけがはら;;;0;;日枝
急行;WL19;[漣陰]紙坊站;站;LI-Cívaŋ;し゚わ゙う゚;;;0;;漣陰
快速;FG30;杜若溪站;站;Dóñiákr-che;どにやくざわ;;;0;四等站;杜若
快速;FG45;[蓮池]霜橋站;站;LD-Şiaŋgø;しもばし;;;0;四等站;蓮池
快速;WD62;稲葉南站;站;Dáu'iév-nam;いなばみなみ;;;0;;稲葉
快速;FG60;新月站;站;Sǝntýk;みかづき;;;0;四等站;新月
各停;FG80;[淺井]櫻川站;站;SZ-Ǝŋşyen;さくらがわ;;;0;四等站;淺井
各停;FG90;日和町站;站;Mít'war-met;ひよりまち;;;0;四等站;日和
快速;Q48;[櫻井]茜野站;站;SI-Akeñéno;あかねの;;1918 湖陰本線堤口帆柄間開業に際して;0;;櫻井
快速;Q42;[横塘]千船站;站;ID-Tíbyñe;ちぶね;;1972;0;;横塘
快速;Q35;[横塘]田子の浦站;站;ID-Tagónowra;たごのうら;駿河州田子の浦;1918 湖陰本線堤口帆柄間開業に際して;0;;横塘
快速;Q52;[櫻井]美濃町站;站;SI-Minó-ga-met;みのがまち;;1918 湖陰本線堤口帆柄間開業に際して;0;;櫻井
各停;N98;[源州]通庸橋站;站;MS-Míttyñe-beş;みちつねはし;;;0;四等站;源州
快速;QT68;[凪和]妙見山站;站;NW-Mǿkénr-şran;めうけんるしらん;名古屋市昭和区妙見町;;0;;凪和
急行;Q95;[源州]瑞穗站;站;MS-Mílfo;みづほ;;;0;;源州
急行;QS92;[堤口]五嶺前站;站;DG-Ŋóléŋ-ma'ye;こ゚れい゚まゑ;東京都三越前;;0;;堤口
快速;Q28;帆柄西站;站;Fógra-se;ほがらにし;;;0;;帆柄
急行;Q05;[今切]湖陰道南站;站;ŊS-Qo'imŕ-dáu-nam;を゙いむがみちみなみ;地形;;0;;今切
各停;N102;[源州]興亜街中站;站;MS-Hiǝŋ'ár-krai-truŋ;°よおう゚らるきらいつるう゚;;;0;四等站;源州
快速;QU75;宇津木站;站;Útgi;うつぎ;;;0;;宇津
快速;QT85;[珊橋]超然台站;站;TB-Þøñenŕ-dai;°てうねんるだい;;;0;;珊橋
各停;N94;[柳花]新店站;站;LH-Sǝntém;すおんてむ;;;0;四等站;柳花
各停;N91;[丹堰]茚原站;站;ÑX-Íñ'wra;いんわら;;;0;四等站;丹堰
各停;N91;[丹堰]蕪島站;站;ÑX-Mutáu;かぶしま;;;0;四等站;丹堰
快速;N72;末多江站;站;Máltakrǝŋ;またえ;;;0;四等站;末多
急行;QE35;夏草越站;站;Nátgusa-køie;なつぐさこえ;;;0;;夏草
急行;QE30;朽木站;站;Kýtgi;くちぎ;高島市朽木村;;0;;朽木
急行;QE32;柴澤驛;驛;Şibáswa;しばさわ;千頭村柴沢;;0;;柴澤
急行;QE25;滴水峡站;站;Tékşý'r-rav;てきしゐるらゔ;;;0;;滴水
急行;QE47;[金町]愛宕温泉站;站;KM-Átago-Wonxyen;あたごをんじゑん;東京都愛宕山;;0;;金町
快速;QE45;八留和站;站;Iár'wa;やるわ;;;0;;八留
快速;QE43;[隆山]五里店站;站;TI-Ŋólír-tém;こ゚りるてむ;;;0;;隆山
快速;QN36;小沼新田站;站;KN-Ñyda;こぬまにゐだ;;;0;;小沼
快速;QN31;[帆柄]洲綿站;站;FG-Swáta;すわた;;;0;;帆柄
快速;QN33;平温站;站;Práat;ぴらあつ;;;0;;平温
各停;QA44;金町稲荷站;站;KM-Íñel;かなまちいなり;;;0;;金町
各停;QA43;[金町]秩田站;站;KM-Drlda;ぢるりだ;;;0;;金町
各停;QA46;[金町]中切站;站;KM-Nakágil;なかぎり;春日井市中切;;0;;金町
各停;EX99;[鹽州]西驛站;站;ŞS-Ñíş'iék;にしえき;Westbf, Wien;;0;;鹽州
快速;E02;[鹽州]十字街站;站;ŞS-Jivxǝ́r-krai;じゔずおるきらい;;;0;;鹽州
快速;NV05;秩琳山站;站;Drlimr-chrám;ぢるりむる°きらむ;;;0;四等站;秩琳
各停;E09;[散江]相生山站;站;TI-Ai'ǝ́i'iama;あいおいやま;名古屋市相生山;;0;;散江
;FQ42;遥汐信号場;信号場;Yøxek;はるじを;;;0;;遥汐
各停;E13;[散江]秋葉山站;站;TI-Ekbá'iama;あきばやま;浜松市秋葉山;;0;;散江
急行;E15;三原驛;驛;Míwra;みわら;;;0;三等驛;三原
快速;E18;硫浦十字街站;站;IW-Jivxǝ́r-krai;じゔずおるきらい;;;0;;硫浦
快速;E22;[硫浦]川口町驛;驛;IW-Kawágyt-met;かわぐちまち;;;0;;硫浦
快急;H623;[硫浦]川口站;站;IW-Kawágyt;かわぐち;;;0;四等站;硫浦
快速;ED83;鴨居驛;驛;Kámǝi;かもい;横浜市鴨居;;0;;鴨居
急行;E60;圓山驛;驛;Mál'iama;まるやま;;;0;;圓山
急行;E75;豊原驛;驛;Tø'iówra;とよわら;樺太庁豊原市;;0;;豊原
快速;;碧海驛;驛;Pékhái;ぺき°あい;;;0;;碧海
快急;H575;珠陽驛;驛;Ciu'iaŋ;し゚ゅやう゚;;;0;三等驛;珠陽
急行;PY20;螺澗驛;驛;Lwakrán;つぶや;;;0;四等驛;螺澗
急行;PY40;遠山驛;驛;Yénşran;とをやま;飯田市遠山郷;;0;四等驛;遠山
各停;PD90;緹原驛;驛;Deŋyen;あかわら;;;0;三等驛;緹原
快速;PC35;安塔驛;驛;Anþáv;あん°たゔ;;;0;三等驛;安塔
快速;PC45;桃枝驛;驛;Dauke;ももえ;;;0;三等驛;桃枝
快急;P35;上落合站;站;Éşlákqav;かみをちあい;;;0;五等站;上落
快速;E27;航村站;站;Eáson;えあそん;;;0;;航村
快急;H625;桂塘驛;驛;Katrádøte;かつらどて;;;0;三等驛;桂塘
快急;P80;一宮驛;驛;Lŕguŋ;る゚ぐう゚;;;0;三等驛;一宮
快急;P70;銀山驛;驛;Ŋiñşran;き゚んしらん;;;0;三等驛;銀山
快急;P60;瀞峡驛;驛;Drórav;どろらゔ;;;0;三等驛;瀞峡
快急;H635;入江驛;驛;Íl'ie;いりえ;;;0;三等驛;入江
快速;E35;伊勢山站;站;Işéiama;いせやま;伊勢市;;0;;伊勢
快速;E33;浦森驛;驛;Wrámøl;うらもり;;;0;;浦森
快急;H644;椴法華驛;驛;Todófokke;とどほっけ;;;0;三等驛;椴法
快速;;比治橋驛;驛;Pídŕbeş;ぴぢるばし;;;0;;比治
快速;PF60;深谷驛;驛;Fúkaia;ふかや;地形;;0;三等驛;深谷
急行;QE10;戸川驛;驛;Tógawa;とがわ;;;0;;戸川
急行;QE20;燕島温泉驛;驛;TJ-Wonxyen;つばみじまをんずゑん;青島市燕児島;;0;;燕島
急行;E55;小原驛;驛;Óbra;おばら;;;0;;小原
各停;E58;杁涇站;站;Ílmixo;いりみぞ;;;0;;杁涇
快速;EW63;清灘驛;驛;Şýmnada;すみなだ;;;0;;清灘
快速;EW65;波瀬戸驛;驛;Fájeto;はぜと;;;0;;波瀬
快速;EW67;小津西驛;驛;Kodu-ñiş;こづにし;;;0;;小津
快速;EW69;わたなべタウン驛;驛;Watánabe-Town;わたなべタウン;;;0;;わた
快速;H580;平泉驛;驛;Prá'idym;ぴらいづみ;;;0;三等驛;平泉
快速;H570;簗瀬驛;驛;Ianáje;やなぜ;;;0;三等驛;簗瀬
快急;H560;松原驛;驛;Mátbra;まつばら;;;0;二等驛;松原
快急;HA45;美良驛;驛;Míla;みら゚;;;0;三等驛;美良
快速;HA40;廻間驛;驛;Faxáma;はざま;;;0;三等驛;廻間
各停;ED95;仙川本町站;站;SG-Pónmet;せんがわぽんまち;;;0;;仙川
各停;ED92;[陀城]柏浦站;站;DJ-Keş'wágawra;かしわがうら;;;0;;陀城
各停;ED91;[陀城]錦町站;站;Ñişkígamet;にしきがまち;;;0;;陀城
各停;ED94;[仙川]觀音橋站;站;SG-Kwanom-gá-feş;くわんのむがはし;金川県観音橋;;0;;仙川
各停;ED93;[仙川]三里坪站;站;SG-Samlí-tubo;さむりつぼ;;;0;;仙川
快速;ED87;陀城八幡驛;驛;DJ-Fétman;だじろはちまん;;;0;;陀城
各停;ED89;[陀城]海晏寺站;站;DJ-Hái'ánr-xǝ́;°あいらんるずお;;;0;;陀城
各停;ED88;[陀城]漸水町站;站;DJ-Zemşý-ga-met;せ゚むしゐがまち;伊良島漸水;;0;;陀城
快速;ED84;海道驛;驛;Ýmmit;うみみち;福岡市海ノ中道;;0;;海道
快速;ED86;[陀城]潮見坂站;站;DJ-Şiomíxaka;しをみざか;;;0;;陀城
快急;H630;月見坂站;站;Tykmíxaka;つきみざか;;;0;四等站;月見
各停;EC89;[陀城]住吉公園站;站;DJ-Súmøş-koŋ'yen;すみよしこう゚ゑん;;;0;;陀城
快速;H595;仙川站;站;Sengawa;せんがわ;;;0;三等站;仙川
快速;H588;馬岡站;站;Umáoka;うまをか;;;0;四等站;馬岡
貨物;H590;馬岡貨物驛;驛;UO-Cargo;うまおか°わゔをり;;;0;;馬岡
各停;EC88;[陀城]初堰驛;驛;DJ-Fátjek;はつぜき;;;0;;陀城
各停;EC87;[笹原]東田面站;站;SW-Fiñgeş-Damén;ひんがしだめん;津島市越津町字東田面;;0;;笹原
各停;E25;航村製鉄站;站;ES-Céþél;せ゚°てり;;;0;;航村
各停;E28;[航村]櫻山站;站;KG-Sakwrá'iama;さくらやま;;;0;;航村
快速;E29;嶺南由良驛;驛;Léŋnam-Iura;れい゚なむゆら;宮津市丹後由良;;0;;嶺南
快速;E30;由良神宮站;站;Iura-jiñguŋ;ゆらじんぐう゚;宮津市丹後由良;;0;;由良
各停;E31;[由良]田穂間站;站;Iura-Táfoma;たほま;;;0;;由良
各停;E32;浦森理研站;站;WM-Líŋen;うらもりりけ゚ん;;;0;;浦森
各停;E34;[伊勢]柏崎站;站;IŞ-Keş'wágasek;かしわがさき;;;0;;伊勢
各停;E36;[伊勢]柳辺站;站;IŞ-Iañéŋbe;やなぎべ;;;0;;伊勢
各停;E37;[入江]初瀬站;站;II-Fátce;はつせ;桜井市初瀬;;0;;入江
快速;E38;入江海岸驛;驛;II-Háiŋán;いりえ°あいか゚ん;;;0;;入江
各停;E39;[越路]出平站;站;KD-Deşpra;だしぴら;;;0;;越路
快急;H640;越路站;站;Kǿşdi;こしぢ;;;0;三等站;越路
各停;E42;[越路]由比ヶ濱站;站;KD-Iu'í-ga-fama;ゆいがはま;鎌倉市由比ヶ浜;;0;;越路
各停;E43;渉江站;站;Watál'ie;わたるえ;;;0;;渉江
快速;N77;青草ㇽ濱站;站;Seŋsáur-piñ;せい゚さうるぴん;;;0;四等站;青草
急行;QE15;栃澤站;站;Tǿtxwa;とちざわ;千頭村栃沢;;0;;栃澤
急行;QE12;[戸川]峪口驛;驛;TG-Téñgyt;たにぐち;;;0;;戸川
快速;QE03;[鵜泊]矢波瀬站;站;UD-Iawaşé;やわせ;;;0;;鵜泊
快速;QE05;[戸川]青楓浦站;站;TG-Seŋfuŋ-gá-wra;せい゚ふう゚がうら;瀏陽市青楓浦;;0;;戸川
各停;F77;[濼安]十河記念病院前站;站;LA-Sogó-Kíném-Béŋ'yén-xen;とがわきねむべい゚ゑんぜん;;;0;三等站;濼安
各停;F82;[若莱]筑波町站;站;ÑK-Trúkpar-met;つくばがまち;筑波山;;0;四等站;若莱
各停;F74;[濼安]田原站;站;LA-Daŋyen;だわら;;;0;四等站;濼安
各停;F72;[大泊]菖蒲町站;站;DB-Şiaŋboŕ-met;あやめまち;;;0;四等站;大泊
各停;F68;[大泊]穂積川站;站;DB-Xúzékr-şyen;ほづみかわ;;;0;四等站;大泊
快速;F53;水分驛;驛;Şývøn;みづわけ;;;0;三等驛;水分
貨物;F55;水分貨物驛;驛;ŞV-Cargo;みづわけ°わもり;;;0;;水分
急行;F57;丹江驛;驛;Tankrǝŋ;にうえ;湖北省丹江口市;;0;三等驛;丹江
各停;F56;[丹江]笹見站;站;TK-Sáskén;ささみ;;;0;四等站;丹江
快速;E45;[鵜泊]初山驛;驛;UD-Fát'iama;はつやま;北海道苫前郡初山別村;;0;;鵜泊
快速;H648;[鵜泊]北野町站;站;UD-Kitáno-met;きたのまち;;;0;四等站;鵜泊
快急;H655;鵜泊新町站;站;UD-Sǝnmet;うどまりすおんまち;;;0;三等站;鵜泊
快速;EW68;胎板站;站;Faráita;はらいた;;;0;;胎板
快速;EW66;小津東站;站;Kodu-fiñgeş;こづひんがし;;;0;;小津
各停;EW64;討川站;站;Ýtgawa;うちがわ;;;0;;討川
各停;EW62;嶺南曽根浦驛;驛;Léŋnam-Soñégawra;れい゚なむそねがうら;;;0;;嶺南
快速;EW61;圓山中央站;站;Mál'iama-Truŋ'iaŋ;まるやまつるう゚やう゚;;;0;;圓山
各停;E59;[杁涇]笹見站;站;IM-Sásami;ささみ;;;0;;杁涇
快急;P40;林阿驛;驛;Lim'a;はやしぐま;;;0;四等驛;林阿
急行;PY50;遠山温泉驛;驛;YŞ-Wonxyen;とをやまをんじゑん;飯田市遠山郷;;0;二等驛;遠山
特急;PC60;函嶺温泉驛;驛;Qamléŋ-Wonxyen;あ゙むれい゚をんじゑん;;;0;二等驛;函嶺
急行;PY55;[遠山]猫瀧驛;驛;YŞ-Mrauşrǝŋ;ぬこがたき;;;0;五等驛;遠山
急行;PC95;[今切]向山台站;站;ŊS-Hiáŋşranr-dai;むかいやまだい;;;0;五等站;今切
;PC90;上歩危信号場;信号場;Éşbóŋy;かみぼけ;阿波州三好市大步危;;0;;上歩
快速;H565;吠岡站;站;Bái'oka;ばいをか;;;0;四等站;吠岡
快速;H573;[珠陽]芦花町站;站;CI-Lohwramet;ろ°うらがまち;;;0;四等站;珠陽
快速;H578;香積寺站;站;Hiaŋzékr-xǝ́;°やう゚せ゚きルずお;;;0;三等站;香積
快速;H583;[笹原]金橋站;站;SW-Kanábeş;かなばし;;;0;四等站;笹原
快速;HA41;[廻間]山涯站;站;FM-Iamáŋrai;やまき゚らい;;;0;四等站;廻間
快速;HA43;[美良]品森站;站;ML-Şinámøl;しなもり;;;0;四等站;美良
快速;HA47;[美良]伊泉站;站;ML-Ídym;いづみ;;;0;四等站;美良
快速;HA48;[晴海]安積町站;站;FM-Asaká-met;あさかまち;郡山市安積山;;0;四等站;晴海
快速;HA52;[晴海]錦町站;站;FM-Ñişkímet;にしきまち;;;0;四等站;晴海
快速;HA54;[松原]日和站;站;MB-Fi'iøl;ひより;;;0;三等站;松原
急行;PG70;野原驛;驛;Iáŋyen;のわら;;;0;五等驛;野原
急行;PG75;新亭驛;驛;Sǝndeŋ;あづまや;;;0;四等驛;新亭
急行;PG85;羽根驛;驛;Úkon;はね;;;0;五等驛;羽根
急行;PG90;杜衡驛;驛;Dóraŋ;どらう゚;;;0;五等驛;杜衡
急行;PG95;[落合]長芝站;站;Draŋci;ながしば;;;0;五等站;落合
快速;PC55;嶺上站;站;Léŋ'éş;みねのうゑ;;;0;四等站;嶺上
快速;PC50;終南新田驛;驛;Ciuŋnam-Sǝnda;し゚ゆう゚なむすおんだ;;;0;五等驛;終南
快速;PC40;野猿橋驛;驛;Iá'yenr-gø;やゑんがはし;;;0;四等驛;野猿
急行;PC62;函嶺稲荷站;站;Qamléŋ-Dáuqá;あ゙むれい゚いなり;;;0;四等站;函嶺
急行;PC65;眼鏡橋驛;驛;Ŋránkéŋr-gø;めがねばし;;;0;五等驛;眼鏡
急行;PC70;綾津山徑驛;驛;Liǝŋzǝn-şrankéŋ;あやづしらんけい゚;;;0;五等驛;綾津
;PC75;別捺西信号場;信号場;St-Bernard-W;ベルナールにし;;;0;;別捺
;PC80;別捺東信号場;信号場;St-Bernard-E;ベルナールひんがし;;;0;;別捺
快速;PC33;石礫峡驛;驛;Jeklékr-rav;ぜきれきるらゔ;;;0;五等驛;石礫
快速;PC30;終南坂上驛;驛;Ciuŋnam-Fán'éş;し゚ゆう゚なむさかうえ;;;0;五等驛;終南
快速;PC27;落合北站;站;Lákqav-pǝ́k;をちあいきた;;;0;五等站;落合
急行;PY58;[函嶺]下町站;站;Qamléŋ-Volmet;あ゙むれい゚しもまち;;;0;五等站;函嶺
急行;PY52;[遠山]温泉東站;站;YŞ-Wonxyen-toŋ;をんじゑんひんがし;飯田市遠山郷;;0;四等站;遠山
急行;PY53;[遠山]椿辻驛;驛;YŞ-Þwrnjiv;つばきつじ;名古屋市椿町;;0;五等驛;遠山
快速;PY35;昇寒峡驛;驛;Şiǝŋqanŕ-rav;しおう゚あ゙んるらゔ;;;0;五等驛;昇寒
快速;PY25;石橋驛;驛;Jekgø;いしばし;;;0;五等驛;石橋
快速;PY30;終南二俣驛;驛;Ciuŋnam-Ñíŋo;し゚ゆう゚なむふたまた;;;0;五等驛;終南
急行;N62;莱汀站;站;Laiþeŋ;やぶなぎさ;;;0;五等站;莱汀
快速;N45;三枚橋站;站;Sammaiŕ-gø;さむまいるげう;;;0;四等站;三枚
快速;N35;金山站;站;Kimşran;かなやま;;;0;四等站;金山
快速;N57;四里河站;站;Iønlír-gap;よにりがわ;;;0;四等站;四里
快急;P55;七里茶屋站;站;Sǝ́llí-Dra'ia;すおるりぢらや;;;0;五等站;七里
快急;P45;辻川站;站;Jivşyen;つぢかわ;;;0;五等站;辻川
快急;P50;鹽嶺驛;驛;Şǿmñe;しをみね;;;0;四等驛;鹽嶺
快速;T73;赤岩站;站;Şékŋem;あかいわ;;;0;五等站;赤岩
快速;T72;青川潭站;站;Seŋşyenŕ-dam;あをかわダム;;;0;五等站;青川
快急;P85;[硫浦]伊豆町站;站;IW-Idúmet;いづまち;;;0;四等站;硫浦
快速;T74;[濼安]雁蕩町站;站;LA-Ŋrándáŋr-met;き゚らんだう゚るまち;;;0;四等站;濼安
急行;N69;[今切]若松街東站;站;ŊS-Ñiáksoŋr-krai-toŋ;わかまつきらいひんがし;;;0;四等站;今切
;PG68;採石信号場;信号場;Sáijek;さいぜき;;;0;;採石
快速;H562;[松原]神庭站;站;MB-Kámñiwa;かむにわ;;;0;四等站;松原
各停;WN98;[豊浦]暁灯站;站;FF-Hǿtǝŋ;あかり;;;0;;豊浦
各停;PD75;[碧塘]沃野站;站;PD-Ók'iá;をくや;;;0;三等站;碧塘
各停;PD76;[碧塘]日和驛;驛;PD-Mít'wa;ひより;;;0;四等驛;碧塘
各停;PD80;如鈴站;站;Ñiǝleŋ;ゆきすず;;;0;五等站;如鈴
各停;PD85;仙方驛;驛;Senfaŋ;せんがた;;;0;五等驛;仙方
各停;PD87;[緹原]思良站;站;DŊ-Sǝla;すおら;;;0;五等站;緹原
各停;PD92;[緹原]三里橋站;站;Samlír-gø;さむりがはし;;;0;五等站;緹原
各停;PD95;青芝峪站;站;Seŋciŕ-vøk;あをしばがたに;;;0;五等站;青芝
各停;PD88;[緹原]常庭站;站;DŊ-Jiaŋdeŋ;とこにわ;;;0;五等站;緹原
各停;PD89;[緹原]晩浦站;站;DŊ-Mánfó;ゆううら;;;0;五等站;緹原
急行;AL65;[永安]葛宇路站;站;YA-Kál'úr-ló;かるうるろ゚;;;0;三等站;永安
快速;AL64;[永安]玉置坊站;站;YA-Ŋióktŕr-vaŋ;たまきがわ゙う゚;;;0;四等站;永安
特急;R505;硅州驛;驛;Fylipýdnasva;きゑす;;;0;一等驛;硅州
快速;R511;飛魚站;站;Plylána;ぷりいら゚な;「とびうお」号貨物列車;;0;;飛魚
特急;S00;砂城驛;驛;Cachlaschásli;すなぎ;;;0;一等驛;砂城
各停;ST95;豆多站;站;Dúfta;づうふた;;;0;;豆多
快速;V90;熊平驛;驛;Duixmacúli;づいずまくうり;安中市熊ノ平;;0;三等驛;熊平
特急;R520;東莱驛;驛;Carvaláya;かるわ゙ら゚や;;;0;一等驛;東莱
急行;R525;依連驛;驛;Ylélia;いれりや;;;0;;依連
快速;RC80;安東驛;驛;Carvýsta;かるゐ゙すた;;;0;;安東
快速;RC70;鮮魚驛;驛;Selána;せら゚な;近鉄「鮮魚」号行商列車;;0;;鮮魚
各停;SV05;[硅州]新開地站;站;SI-Luifnapynýsta;る゚いふなぴいにいすた;;;0;;硅州
高速;R510;新硅州驛;驛;Luifna-Fylipýdnasva;すおんきゑす;;;0;一等驛;新硅
快速;R515;[新硅]世理驛;驛;LF-Scelinýsta;せりにいすた;;;0;;新硅
各停;SV04;[硅州]石廠街站;站;FS-Schagmadastóllå-Siósna;しあぐまだすとんら゚すよすな;Steinmühlegasse, Zürich;;0;;硅州
各停;SV06;[硅州]花園街站;站;FS-Fliascýstaiå-Siósna;ふりやしいすたやすよすな;;;0;;硅州
各停;SV07;[硅州]白丸岬站;站;FS-Flampachálaiå-Saftá;ふら゚むぱ°から゚やさふた;;;0;;硅州
各停;SE05;[硅州]斜面街站;站;FS-Xmiácaiå-Siósna;すみやかやすよすな;Haldenegg, Zürich;;0;;硅州
各停;SE04;[硅州]甲必丹街站;站;FS-Kapitean-Siósna;カピタンすよすな;;;0;;硅州
各停;SE06;[硅州]青乇站;站;FS-Casnatscháca;かすなちあか;Φεσωκα;;0;;硅州
各停;SV09;[新硅]若水橋站;站;LF-Fkynatéllå-Cyvó;ふきいなてんら゚ちいを゙;;;0;;新硅
各停;SV10;[新硅]吉野道站;站;LF-Pravacúliå-Fýl;ぷらわ゙くうりやひいる;大和州吉野郡;;0;;新硅
各停;SV11;[新硅]柏葉庭站;站;LF-Casivalýcaiå-Fnép;かしわ゙りいかやふねぷ;柏市柏の葉キャンパス;;0;;新硅
各停;SV12;[新硅]蘇打街站;站;LF-Sódaiå-Siósna;ソダヤすよすな;;;0;;新硅
各停;SE09;[新硅]鳥啼橋站;站;LF-Scudnascúftaiå-Cyvó;すくづなすくうふたやちいを゙;Vogelsangstrasse, Zürich;;0;;新硅
各停;SV03;[硅州]燕乾庭站;站;FS-Engenfnép;エンゲンふねぷ;Enge, Zürich;;0;;硅州
各停;SV03;[硅州]燕乾庭站;站;FS-Engenfnép;エンゲンふねぷ;Enge, Zürich;;0;;硅州
快速;R507;[硅州]瓦斯街站;站;FS-Gásså-Siósna;ガッサすよすな;Gasometerbrücke, Schlieren, ZH, CH;;0;;硅州
各停;SE11;[新硅]峨嵋台站;站;LF-Chnámiå-Catáli;°くなみやかたり;;;0;;新硅
各停;SE12;硅州大学站;站;Fylipýdnasvaiå-Draxá;きゑすだいるおく;;;0;;硅州
各停;SE13;[新硅]山軒街驛;驛;LF-Faimadaflámaiå-Siósna;はいまだふら゚まやすよすな;;;0;;新硅
各停;SV02;[硅州]海岸北一丁目站;站;FS-Chainagát-pryvalytråctól;°かいながつぷりわ゙りつらくとる;;;0;;硅州
各停;SV01;[砂城]海怡一坊站;站;CS-Cháy'y-lýtråchta;°かいいりつら°くた;香港海怡半島;;0;;砂城
快速;R516;遅散站;站;Juisália;じいさりや;「荒磯」の意味;;0;;遅散
快速;R504;[硅州]雷電澤站;站;FS-Laidénbach;ライデンバッハ;Leiden, NL;;0;;硅州
各停;ST98;[砂城]海津公園站;站;CS-Chainasláchrå-Fcó;°かいなすら゚°くらふこ;岐阜県海津市;;0;;砂城
各停;SN99;[砂城]新河驛;驛;CS-Luifnaplána;る゚いふなぷら゚な;;;0;;砂城
快速;R490;野田驛;驛;Culinása;くうりなさ;;;0;;野田
快速;R495;[砂城]河口站;站;CS-Chaslócli;か゚すろ゚くり;;;0;;砂城
特急;NV15;景行驛;驛;Kéŋqaŋ;けい゚あ゙う゚;;;0;三等驛;景行
快速;NV12;[杁橋]深井站;站;IŊ-Viklók;ふかゐ;済源市軹城深井里;;0;四等站;杁橋
快速;N67;驛衢站;站;Jékgu;えっぐ;;;0;五等站;驛衢
;N66;迭津東信号場;信号場;Delzǝn-toŋ;でりつひんがし;;;0;;迭津
快速;N64;石磷站;站;Jekliñ;ぜきりん;;;0;五等站;石磷
各停;QK15;水原站;站;Mináwra;みなわら;京畿道水原市;;0;;水原
各停;QK12;[葛涇]二本杉站;站;KM-Ñípónsuŋ;にぽんすぎ;岩代州二本松市;;0;;葛涇
各停;QK18;[蒲川]砥鹿神社前站;站;KG-Togá-Jiñjiá-ma'ye;とがじんじやまゑ;豊川市砥鹿神社;;0;;蒲川
快速;R522;[東莱]鮭浦站;站;CL-Snasschnáfa;すなっしなは;平岸の意味;;0;;東莱
快速;R518;[東莱]大欖站;站;CL-Vasláma;わ゙すら゚ま;;;0;;東莱
各停;SV20;[東莱]市庁驛;驛;CL-Sygnäny-Chláfa;すいぐのにい°くら゚は;;;0;;東莱
高速;R530;依連海峡驛;驛;Yléliå-Graná;いれりあぐらな;;;0;二等驛;依連
快速;R493;[豆多]亜庭站;站;DT-Afnépa;あふねぱ;亜庭湾;;0;;豆多
各停;SV21;[東莱]恩納站;站;CL-Uinápa;おなぱ;琉球国恩納村;;0;;東莱
各停;QK09;[葛涇]若水站;站;KM-Wakámil;わかみづ;;;0;;葛涇
各停;SV22;[東莱]御茵站;站;CL-Chnióyli;°くによいり;;;0;;東莱
各停;ST94;[豆多]未来坊站;站;DT-Pasláchta;ぱすら゚°くた;つくばみらい市;;0;;豆多
快急;H657;[小原]出雲町站;站;OB-Ílmo-ga-met;いづもがまち;;;0;三等站;小原
各停;ED89;[陀城]海晏寺站;站;DJ-Hái'ánr-xǝ́;°あいらんるずお;;;0;;陀城
各停;EM88;[陀城]正則大学驛;驛;DJ-Céŋzə́k-Dáirək;せ゚い゚そ゚おくだいるおく;;;0;;陀城
各停;EM87;[陀城]熱田町站;站;DJ-Átta-ga-met;あつたがまち;;;0;;陀城
各停;EM85;河津驛;驛;Kawádu;かわづ;;;0;;河津
各停;EM84;[河津]万騎町站;站;KD-Mángí-ga-met;まんぎがまち;横浜市南万騎が原;;0;;河津
各停;EM82;[三日]水無瀬驛;驛;MK-Minaşe;みなせ;;;0;;三日
各停;EM81;[三日]柳橋站;站;MK-Iañéŋ-ga-feş;やなぎがはし;名古屋市柳橋;;0;;三日
各停;EM80;三日灘驛;驛;Mikkánada;みっかなだ;;;0;;三日
各停;UM54N;函城隧道轉車站站;站;Qamjeŋ-Xúdáu BusIC;はこぎずだうちゑんし゚やちらむ;;;0;;函城
快速;UY78H;秋葉南站;站;Su'iév-nam;あきばみなみ;;;0;;秋葉
各停;X57A;畦田淡道轉車站站;站;Yeda-Dámdáu BusIC;あぜだだむだうちゑんし゚やちらむ;;;0;;畦田
各停;LP43J;月城淡道轉車站站;站;Týkjeŋ-Dámdáu BusIC;つきじろだむだうちゑんし゚やちらむ;;;0;;月城
各停;X59N;[平沼]新淡道站;站;BÇ-Səndámdáu;すおんだむだう;;;0;;平沼
快速;T70;鶯谷峠驛;驛;Ǝŋkókr-tók;うぐゐすがとく;東京都鶯谷;;0;五等驛;鶯谷
各停;H3;[豊浦]站;站;FF-;;;;0;;豊浦
各停;UM30;西津站;站;Sezǝn;にしづ;;;0;;西津
各停;UK39;[浦陰]平安街站;站;FI-Beŋ'anŕ-krai;べい゚あんルきらい;名古屋市平安通;;0;;浦陰
各停;SE21;[東莱]氷川町站;站;CL-Sclaplánachta;すくら゚ぷら゚な°くた;大宮区氷川神社;;0;;東莱
;J46;山葵澤信号場;信号場;Şrangyŕ-drak;わさびざわ;松本市梓川村島々谷ワサビ沢トンネル;;0;;山葵
快急;J47;鈴島驛;驛;Leŋtáu;れい゚たう;松本市梓川村島々谷鈴小屋トンネル;;0;;鈴島
快急;J45;鴨多峠驛;驛;Abtpass;アプタるとく;Abt;;0;;鴨多
特急;J50;裏山驛;驛;Líşran;うらやま;地形;;0;二等驛;裏山
;G53;分澤信号場;信号場;Fondrak;わけざわ;地形;;0;;分澤
各停;JY61;[永安]万葉坊站;站;YA-Mán'iévr-vaŋ;まんえゔルわ゙う゚;;;0;;永安
各停;JY63;[永安]稲武站;站;YA-Dáumú;いなぶ;豊田市稲武町;;0;;永安
各停;JY59;[永安]三川站;站;YA-Samşyen;みかわ;;;0;;永安
各停;JY58;[永安]新井站;站;YA-Sənzéŋ;あらゐ;妙高市新井;;0;;永安
各停;YT42;草香公園前站;站;SH-Koŋ'yen-xen;くさかこう゚ゑんまゑ;;;0;;草香
各停;YT46;丹城元町站;站;TJ-Ŋyenmét;にじろもとまち;;;0;;丹城
各停;JY57;[永安]桃陵站;站;YA-Dauliəŋ;だうりおう゚;小牧市桃花台;;0;;永安
各停;JY55;林陽站;站;Lim'iaŋ;りむやう゚;地形;;0;;林陽
各停;JY56;[林陽]宝台站;站;LI-Páudai;ぱうだい;樺太真岡町宝台;;0;;林陽
特急;J43;雲嶺温泉驛;驛;Yønléŋ-Wonxyen;ゑうんれい゚をんずゑん;德欽縣雲嶺;;0;;雲嶺
快急;J40;沂陵驛;驛;Ŋiliəŋ;き゚りおう゚;地形;;0;;沂陵
快急;H662;猫洞站;站;Nukógafora;ぬこがほら;名古屋市猫洞通;;0;四等站;猫洞
快急;H660;大里口驛;驛;Mákxato-gyt;まくざとぐち;稲沢市大里;;0;三等驛;大里
快速;J38;湛山站;站;Drámşran;ぢらむしらん;青島市湛山;;0;;湛山
快急;J35;南和驛;驛;Nam'wa;なむわ;;;0;;南和
快急;J32;人字橋站;站;Ñiñxə́r-gø;にんずおルはし;;;0;;人字
各停;UY90D;[乾建]天神站;站;GK-Þenjiñ;あまたけ°てんじん;;;0;;乾建
各停;JY53;雲雀野站;站;Yønzákr-iá;ひばりの;名古屋市雲雀ヶ岡;;0;;雲雀
各停;JY50;国立天文台驛;驛;Kwə́klív-Þenmøndai;くおくりゔ°てんめうんだい;;;0;;国立
快速;AL62;[雁道]藍田站;站;ŊD-Lamden;ら゚むでん;陝西省藍田県;;0;四等站;雁道
;JY51;青葉信号場;信号場;Seŋ'iév;あをば;;;0;;青葉
各停;YT38;[汀洲]伊勢坊站;站;ÞS-Işér-vaŋ;いせルわ゙う゚;;;0;;汀洲
各停;JA50;大澤関所站;站;Mákdrak-Kwranşiə́;まくぢらくくらんしお;地形;;0;;大澤
各停;PC46;櫻澗自動車驛;自動車驛;Sakwrádeñ;さくらだに;;;0;;櫻澗
快速;PF50;刈田川口驛;驛;Keldákawa-gyt;かりだかわぐち;地形;;0;四等驛;刈田
急行;UK60;海原驛;驛;Háiŋyen;うみわら;地形;;0;;海原
急行;FG07;牛窗驛;驛;Ŋiuşrəŋ;うしまど;瀬戸内市牛窓町;;0;三等驛;牛窗
急行;HS90;歐拉驛;驛;Ola/Euler;ヲイラー;Euler;;0;三等驛;歐拉
急行;HS80;沼川驛;驛;Çǿşyen;ぬまがわ;;;0;三等驛;沼川
急行;;榮濱驛;驛;Yeŋpiñ;さかえわま;;;0;;榮濱
急行;HS70;蓉台驛;驛;Ioŋdai;よう゚だい;;;0;二等驛;蓉台
急行;WD10;團城驛;驛;Dwanjeŋ;づわんぜい゚;北京市團城;;0;;團城
急行;WD20;烟南驛;驛;Ennam;えんなむ;;;0;;烟南
快急;TG35;楠溪驛;驛;Namche;なむ°け;;;0;三等驛;楠溪
急行;HS60;裾野驛;驛;Kə'iá;すその;;;0;三等驛;裾野
特急;T50;清水驛;驛;Seŋşý;しみづ;静岡市清水区;;0;二等驛;清水
快急;WN70;杁川驛;驛;Ñívşyen;いりがわ;;;0;;杁川
快速;;楓堰驛;驛;Fuŋ'ién;かゑでぜき;;;0;;楓堰
急行;;砂原驛;驛;Şraŋyen;すなわら;;;0;二等驛;砂原
快速;TS30;輕津驛;驛;Cheŋcən;かるづ;;;0;三等驛;輕津
急行;TG45;雁栖站;站;Ŋránse;かりす;;;0;三等站;雁栖
快速;TG30;晴茂驛;驛;Xeŋmó;はるも;;;0;三等驛;晴茂
快速;TS40;滋川驛;驛;Zəşyen;しげかわ;;;0;三等驛;滋川
急行;HS55;松涇驛;驛;Soŋkeŋ;まつみぞ;;;0;三等驛;松涇
急行;WD25;採薇津驛;驛;Sáimizən;さいみつ;;;0;;採薇
急行;WD05;[蓉台]万世橋驛;驛;ID-Mánşér-gø;まんせルげう;;;0;;蓉台
快速;HS75;入手站;站;Ñívşiú;いりで;;;0;四等站;入手
急行;T65;細田驛;驛;Séda;ほそだ;;;0;三等驛;細田
快速;HS85;[蘇汀]斜田站;站;SÞ-Xada;ざだ;;;0;四等站;蘇汀
急行;HS95;新集站;站;Sənxəv;にゐち;;;0;四等站;新集
快急;D50;清水市驛;驛;Seŋşýr-jí;しみづルじ;;;0;;清水
特急;T00;灘州驛;驛;Þansu;なだす;;;0;一等驛;灘州
快急;D00;灘州市驛;驛;Þansuŕ-jí;なだすじ;;;0;;灘州
急行;D20;芝原驛;驛;Ciŋyen;しばわら;;;0;;芝原
急行;D30;坪池驛;驛;Beŋdr;つぼいけ;;;0;;坪池
急行;D40;雨田驛;驛;Úda;あめだ;;;0;;雨田
快急;D22;芝原東驛;驛;Ciŋyen-toŋ;しばわらひんがし;;;0;;芝原
急行;DE40;燕野站;站;Én'iá;えんや;;;0;;燕野
快速;TS44;井原驛;驛;Zéŋŋyen;いばら;備中州井原市;;0;五等驛;井原
快速;D35;六里台驛;驛;Liúklír-dai;りゆくりルだい;;;0;;六里
快速;D25;雁山上水站;站;Ŋránşran-Jiáŋşý;かりやまじやう゚しゐ;;;0;;雁山
快速;D37;[雨田]中道站;站;UD-Truŋdáu;なかみち;;;0;;雨田
快速;TS42;[滋川]向台站;站;ZŞ-Hiáŋdai;°やう゚だい;地形;;0;四等站;滋川
快速;D15;[小泊]森林公園站;站;SB-Şimlimkoŋ'yen;しむりむこう゚ゑん;;;0;;小泊
快速;D18;[芝原]草橋站;站;CŊ-Sáugø;くさばし;北京市草橋;;0;;芝原
快速;T15;小泊驛;驛;Sǿbak;こどまり;;;0;三等驛;小泊
急行;T20;螢泉驛;驛;Yeŋxyen;ゑい゚ずゑん;;;0;二等驛;螢泉
貨物;PT60;中央;;Truŋ'iaŋ Sauşiadraŋ;つるう゚やう゚さうしやぢらう゚;;;0;;中央
各停;N20;[匯川]煉瓦橋站;站;WŞ-Lénŋwrár-gø;れんく゚らがはし;;;0;四等站;匯川
各停;N10;[櫻台]免田站;站;ƎD-Ménda;めんだ;;;0;四等站;櫻台
各停;KK80;八名驛;驛;Prálmeŋ;やな;三河州八名郡;;0;;八名
各停;KK84;碳井站;站;Þánzéŋ;°たんせ゚い゚;;;0;;碳井
各停;KK78;[八名]平湖站;站;PM-Beŋqo;ひらこ;;;0;;八名
快速;K35;[匯川]知覧站;站;WŞ-Trlán;ちるら゚ん;;;0;;匯川
各停;KK82;[八名]中城站;站;PM-Truŋjeŋ;なかぎ;;;0;;八名
快速;TS28;[輕津]東野站;站;CZ-Toŋ'ía;ひんがしの;;;0;五等站;輕津
各停;KK76;[春日]漁火站;站;ŞÑ-Ŋəhwá;いさりび;;;0;;春日
快速;QE48;[櫻井]西山站;站;SI-Ñíş'iama;にしやま;;2024 湖陰本線堤口櫻井間四線化に際して;0;;櫻井
快速;Q57;[採蘋]清溪站;站;MT-Kióxawa;きよざわ;;2024 湖陰本線堤口櫻井間四線化に際して;0;;採蘋
各停;MC90;竹園驛;驛;Tekéxono;たけぞの;;;0;;竹園
各停;QC80;折渡驛;驛;Céldó;をりわたり;由利本荘市折渡;;0;;折渡
各停;QK24;梨花站;站;Ñéşbana;なしばな;;;0;;梨花
各停;QK25;森島驛;驛;Mǿljima;もりじま;Nusantara, ID;;0;;森島
準高;NS30;森島東驛;驛;Mǿljima-fiñgeş;もりじまひんがし;Nusantara, ID;;0;三等驛;森島
各停;QK27;[森島]岩内站;站;MJ-Iwá'yt;いわうち;後志州岩内町;;0;;森島
快速;TS32;灌水驛;驛;Kwánşý;くわんしゐ;;;0;五等驛;灌水
各停;SE19;[東莱]江月台站;站;CL-Vaschyssálicaiå-Catáli;わ゙しいっさりかやかたり;;;0;;東莱
各停;SV18;[東莱]大欖上站;站;CL-Vaslamáva;わ゙すら゚まわ゙;;;0;;東莱
各停;SE18;[東莱]青山台站;站;CL-Casnámfaiå-Catáli;かすなむはやかたり;東京都青山;;0;;東莱
各停;E71;[杉宿]茨野川站;站;SS-Ibránó-ga-kawa;いばらのがかわ;;;0;;杉宿
急行;TG42;雁陽宿驛;驛;Ŋrán'iaŋr-súk;き゚らんやう゚ルすく;地形;;0;四等驛;雁陽
急行;TG40;原苷站;站;Ŋyenkam;き゚ゑんかむ;;;0;三等站;原苷
各停;J32A;南和纜車站;站;NW-Lámşia;なむわら゚むしや;;;0;;南和
快速;TS45;雲門驛;驛;Yønmon;えうんもん;;;0;三等驛;雲門
快速;HS53;清水南站;站;Seŋşý-nam;しみづみなみ;静岡市清水区;;0;四等站;清水
快速;TS47;清水南站;站;Seŋşý-nam;しみづみなみ;静岡市清水区;;0;四等站;清水
快速;T47;清水西站;站;Seŋşý-se;しみづにし;静岡市清水区;;0;三等站;清水
快速;D42;加納站;站;Kranáv;きらなゔ;岐阜市加納;;0;;加納
快速;D44;[加納]小山驛;驛;KN-Sǿşran;こやま;下野州小山市;;0;;加納
快速;D46;河江站;站;Gapkrəŋ;かわえ;;;0;;河江
快速;D49;[清水]月見町站;站;SŞ-Týkkénr-met;つきみがまち;;;0;;清水
快速;D48;[清水]明倫町站;站;SŞ-Meŋlynŕ-met;めい゚りゐんがまち;;;0;;清水
;HS52;桑原信号場;信号場;Saŋŋyen;くわわら;;;0;;桑原
急行;T30;汐陰驛;驛;Xek'im;ぜきいむ;;;0;三等驛;汐陰
急行;T40;伊和驛;驛;Iwa;いわ;;;0;三等驛;伊和
快速;T45;田波驛;驛;Dapa;だなみ;;;0;三等驛;田波
快速;T35;林海站;站;Limhái;りむ°あい;;;0;四等站;林海
快速;T25;柳甸站;站;Liúdén;やなぎばた;;;0;四等站;柳甸
快速;T42;夢野站;站;Múŋ'iá;ゆめの;;;0;四等站;夢野
快速;HS65;星山驛;驛;Seŋşran;ほしやま;;;0;四等驛;星山
各停;SV19;[東莱]金町站;站;CL-Spiacächta;すぴやこ°くた;東京都金町;;0;;東莱
快速;RC75;鬱爨驛;驛;Yuzváli;ゆす゚わ゙り;;;0;;鬱爨
快速;RB55;和炔野驛;驛;Vacsvétia;わ゙くすゑ゙ちや;;;0;;和炔
快速;RB60;珊置良驛;驛;Sancýlia;さんちいりや;;;0;;珊置
各停;SK53;[槿餘]平河町站;站;KL-Pŕgapr-kot;ひらかわまち;;;0;;槿餘
各停;SK59;[槿餘]南山一坊站;站;KL-Ñas'chrám-lŕ-kot;みなみやまりるわ゙う゚;;;0;;槿餘
急行;RB40;鵠澗驛;驛;Vocália;を゙かりや;;;0;;鵠澗
急行;RB45;磯澤驛;驛;Kyjáca;きいじあか;;;0;;磯澤
急行;RB50;長洲驛;驛;Balinadúfta;ながす;煙台市/桑名市長島;;0;一等驛;長洲
各停;RB48;[長洲]攝覽站;站;BD-Sciapláma;しやぷら゚ま;;;0;;長洲
各停;RB52;[長洲]北関站;站;BD-Pryvamút;ぷりいわ゙むうつ;;;0;;長洲
各停;RB54;[和炔]飾梁地站;站;VC-Sycliamásta;すいくりやますた;;;0;;和炔
快速;RB65;[珊置]東海驛;驛;SC-Carvachayúx;かるわ゙°かゆず;;;0;;珊置
快速;RA35;[鵠澗]針野驛;驛;VC-Zyflacúli/Sáiglúk;さいぎる゚く;名古屋市高針;;0;;鵠澗
各停;RB38;[鵠澗]紫笛站;站;VC-Zedéca;ぜでか;;;0;;鵠澗
各停;RB42;[磯澤]如苷站;站;KJ-Nioscáma;によすかま;;;0;;磯澤
各停;RB47;[磯澤]芝散站;站;KJ-Cysália;し゚いさりや;;;0;;磯澤
各停;RB58;[珊置]添河站;站;SC-Tphémusli;つへむうす;;;0;;珊置
各停;RB57;[和炔]汮珥丹站;站;VC-Cvynýstali;くゐ゙にいすたり;;;0;;和炔
快速;RA50;石渠站;站;Jégios;ぜぎよす;;;0;;石渠
各停;RB49;[長洲]南関站;站;BD-Fygdamút;ひぐだむうつ;;;0;;長洲
特急;IL07;桂川驛;驛;Kyéşyen;かつらがわ;;;0;;桂川
各停;LG45;米市驛;驛;Méti;こめち;;;0;;米市
各停;LG50;畦田驛;驛;Yeda;あぜだ;;;0;;畦田
各停;LG55;[平沼]瓦町站;站;BÇ-Ŋwrámét;かわらまち;;;0;;平沼
各停;LG38;池辺站;站;Drpen;いけべ;;;0;;池辺
各停;LG43;[米市]諸橋站;站;MT-Ciəgø;もろばし;;;0;;米市
快急;H665;板門站;站;Itákado;いたかど;;;0;四等站;板門
各停;E52;[鵜泊]分瀾站;站;UD-Yekénem;わけなみ;;;0;;鵜泊
特急;H675;豊原北驛;驛;Tø'iówra-kita;とよわらきた;樺太庁豊原市;;0;二等驛;豊原
快速;H735;田津驛;驛;Datu;だつ;;;0;三等驛;田津
快速;;[珊橋]站;站;TB-;;;;0;;珊橋
快速;H732;十里木站;站;Jivlígi;じゔりぎ;駿州裾野市十里木;;0;五等站;十里
快速;;站;站;;;;;0;;
急行;H738;和連川驛;驛;Walen-gawa;われんがわ;;;0;五等驛;和連
急行;E50;鵜泊市驛;驛;Udómel-ji;うどまりじ;;;0;;鵜泊
各停;E49;[鵜泊]紙屋町站;站;UD-Kém'ia-ga-met;かみやがまち;;;0;;鵜泊
各停;E48;[鵜泊]竹町站;站;UD-Teké-ga-met;たけがまち;;;0;;鵜泊
各停;E47;[鵜泊]三輪町站;站;UD-Miwá-ga-met;みわまち;桜井市三輪山;;0;;鵜泊
各停;E51;[鵜泊]江戸橋站;站;UD-Iedóbeş;えどばし;津市江戸橋;;0;;鵜泊
各停;E53;[小原]林間站;站;OB-Limkran;りむきらん;;;0;;小原
各停;E56;[小原]青沙站;站;UD-Aósa;あをさ;;;0;;小原
各停;E57;[杁涇]田原站;站;IM-Dawra;だわら;;;0;;杁涇
各停;E70;杉宿驛;驛;Suŋsúk;すぎすく;;;0;;杉宿
快急;E70;杉宿驛;驛;Suŋsúk;すぎすく;;;0;;杉宿
各停;E73;[豊原]虹橋站;站;TW-Ñíşbeş;にじばし;上海虹橋;;0;;豊原
快急;H680;岡部驛;驛;Okábe;をかべ;青ヶ島村岡部;;0;三等驛;岡部
快急;H685;池ノ澤驛;驛;Ikénoswa;いけのさわ;青ヶ島村池之沢;;0;三等驛;池ノ
快急;H682;驛;驛;;;;;0;;
快速;;站;站;;;;;0;;
急行;A160;雁道驛;驛;Ŋrándáu;き゚らんだう;名古屋市雁道;;0;三等驛;雁道
快速;A165;[雁道]林間站;站;ŊD-Limkran;りむきらん;大和市中央林間;;0;四等站;雁道
快速;;站;站;;;;;0;;
快速;A158;[雁道]祁山站;站;ŊD-Gişran;ぎしらん;甘粛省祁山;;0;四等站;雁道
快速;A157;鉄庭驛;驛;þéldeŋ;°てりにわ;;1903;0;四等驛;鉄庭
急行;A150;螢石驛;驛;Yeŋjek;ゑい゚ぜき;;;0;三等驛;螢石
快速;;[玉川]站;站;ŊŞ-;;;;0;;玉川
快速;;站;站;;;;;0;;
快速;A140;霧城驛;驛;Stuiplaschásli;きりぎ;;1972;0;四等驛;霧城
快速;HY65;[伊能]下之原站;站;IN-Volŕŋyen;しものはら;;;0;四等站;伊能
快速;FD29;[長津]明徳町站;站;DZ-Meŋtə́kr-met;あきとおくがまち;;2023;0;四等站;長津
各停;LG48;山河大学驛;驛;Şranqa-Dáirək;しらんあ゙だいろおく;;;0;;山河
各停;SD80;曙光大橋驛;驛;Dciócvagmå Vascyvó;じよくわ゙う゚まわ゙しいゔを;張曙光;2015;0;;曙光
各停;SE25;[依連]出雲街驛;驛;YL-Pantáfnaiå-Siósna;ぱんたふなやすよすな;;;0;;依連
各停;SV24;[依連]南滿町站;站;YL-Nammlaliächta;なむむら゚りよ°くた;南満州鉄道;;0;;依連
各停;SV26;[依連]清洲町站;站;YL-Cysnaduftächta;し゚いすなづうふと°くた;尾張国清洲城;;0;;依連
各停;SV28;[依連]望濱站;站;YL-Pyclachóm;ぴいくら゚°こむ;;;0;;依連
各停;SE23;站;站;;;;;0;;
快急;WN72;月電三輪驛;驛;Týkdén-Samlyñ;つきでんみわ;桜井市三輪山;;0;;月電
快速;A125;新泉驛;驛;Luifnascháfla;すおんいづみ;Neubrunn ZH, CH;;0;三等驛;新泉
急行;A120;黄台驛;驛;Fysnacatáli;わう゚だい;済南市黄台;;0;二等驛;黄台
