id;traintype;index;name-ha;category;name-ro;name-ka;labeltype;labelzone;labelscale;etymology;labelx1;labely1;labelx2;labely2;rotation;opened;labelx1off;labely1off;labelx2off;labely2off;in-notion;level
0;特急;I00;禾州;驛;Wasu;いなす;N;0;;;5.500;3.500;;;0.000;;;;;;1;
0;特急;I00;禾州;驛;Wasu;いなす;KI;0;;;5.500;6.500;;;90.000;;-0.114;0.000;;;1;
100;特急;F00;浦州;驛;Fósu;うらす;N;0;;;8.000;2.000;;;15.000;;;;;;1;1
10001;特急;L10;江東;驛;Krǝŋtoŋ;きるう゚とう゚;KI;0;;;-10.500;2.000;;;125.973;;;;;;1;1
;特急;H525;浦州東;驛;Fósu-toŋ;うらすひんがし;HEI;0;;;-9.000;2.000;;;125.973;;;;;;0;1
;特急;F05;浦州北;驛;Fósu-pǝ́k;うらすきた;N;0;;;10.000;0.000;;;15.000;;;;;;0;1
112;特急;F40;汀洲;驛;Þeŋsu;なぎさす;N;0;;;-6.500;0.000;;;30.000;;;;;;1;1
;快急;H485;浦州西;驛;Fósu-se;うらすにし;HWI;0;;;10.000;2.000;;;64.988;;;;;;0;1
;急行;WJ10;丹城山;驛;Tanjeŋr-şran;にじろやま;KI;0;;;-8.000;6.000;;;-101.042;;;;;;0;
;急行;WJ15;出雲台;驛;Şýl'yønr-dai;いづもがだい;HR-KI;0;;箱根登山鉄道出山信号場・早雲山駅・大平台駅;0.000;-5.000;12.500;0.000;-92.758;;;;;;0;
;急行;WJ20;灯峽口;驛;Tǝŋ'rav-chó;あかだにぐち;HR-KI;0;;;-2.000;-5.000;3.000;5.500;74.487;;;;;;0;
;急行;WJ25;漣川口;驛;Lenşyenchó;さざなみぐち;KI;0;;;9.000;5.000;;;-109.452;;;;;;0;
;急行;WJ27;螢溪温泉;驛;YC-Wonxyen;ほたるざわおんせん;HRI;0;;;10.000;5.000;;;55.306;;;;;;0;
;急行;WD30;螢溪;驛;Yeŋche;ほたるざわ;KI;0;;;9.000;0.000;;;-33.847;;;;;;0;
;急行;FG95;汀州南;驛;Þeŋsu-nam;なぎさすみなみ;HSI;0;;;-9.500;2.000;;;-72.017;;;;;;0;3
;急行;F02;新橋;驛;Sǝngø;すおんげう;HRI;0;;東京都新橋;9.000;-2.000;;;15.000;;;;;;1;2
;快速;H490;浦州会展;驛;FS-Wáitén;うらすわいてん;HRI;0;;;13.500;2.000;;;64.988;;;;;;0;2
;準高;F05;浦州北;驛;Fósu-pǝ́k;うらすきた;HNI;0;;;10.000;0.000;;;15.000;;;;;;0;1
112;準高;F40;汀洲;驛;Þeŋsu;なぎさす;KI;0;;;-6.500;0.000;;;30.000;;;;;;0;1
0;高速;I00;禾州;驛;Wasu;いなす;N;0;;;-2.500;6.500;;;90.000;;;;;;0;1
100;高速;F00;浦州;驛;Fósu;うらす;KI;0;;;8.000;2.000;;;15.000;;;;;;1;1
;快速;H480;坤順;驛;Chonjýñ;つちのぶ;HRI;0;;;10.000;4.000;;;64.988;;;;;;0;3
;急行;H475;入船西;驛;Ñívjyen-se;いりふねにし;HWI;0;;;8.000;4.000;;;41.934;;;;;;0;3
;快速;HA27;新濱海岸;驛;SP-Háiŋán;"にゐわま<span style=""font-family:Tahoma>°</span>あいか゚ん";HRI;0;;;-12.000;2.000;;;-15.000;;;;;;0;3
10014;快急;UK28;新濱区庁;驛;SP-Chuþeŋ;にゐわま°く°てい゚;HRI;0;5;;13.000;3.500;;;-44.900;;;;;;0;
;各停;H533;新濱港榮坊;站;SP-Krǝ́ŋ'yeŋr-vaŋ;きるう゚ゑい゚がわ゙う゚;HRI;1;5;;13.000;-3.000;;;-54.000;;;;;;0;4
;急行;H530;新濱;驛;Sǝnpiñ;にゐわま;KI;0;;;8.000;0.000;;;-54.000;;;;;;0;3
10006;急行;HA20;旭山;驛;Hiókşran;あさひやま;KI;0;2;;10.500;2.000;;;80.946;;;;;;1;
10006;急行;HA20;旭山;驛;Hiókşran;あさひやま;KI;0;;;9.000;2.000;;;0.000;;;;;;0;2
10011;急行;L15;安涇;驛;Ankeŋ;やすみぞ;KI;0;;;-4.000;-5.500;;;15.000;;;;;;0;2
10003;特急;HY90;乾建;驛;Genkén;あまたけ;KI;0;;;-7.500;4.500;;;-75.000;;;;;;0;2
10010;急行;UD03;清江;驛;Seŋkrǝŋ;きよえ;KI;0;;;-6.000;-1.000;;;15.000;;;;;;0;
;急行;UT94;四方紫竹道;驛;IF-Zǝ́trúkr-dáu;し゚ぉつるくがみち;HRI;1;5;;-13.000;4.000;;;15.000;;;;;;1;
;急行;US91;西関病院;驛;SK-Béŋ'yén;せくらんべい゚ゑん;HRI;0;5;;-6.000;-5.000;;;64.988;;;;;;0;
;急行;US72;浦州万博;驛;FS-Mánpák;うらすまんぱく;HRI;0;;;12.000;3.000;;;13.423;;;;;;0;
;急行;US70;細沙角;驛;Séşrar-krǝ́k;せしらがさき;KI;0;;;11.500;4.500;;;35.179;;;;;;0;
;各停;UT75;杁坂;驛;Ñívfán;いりざか;HKRI;0;;;-2.000;5.000;0.000;-5.000;-87.726;;;;;;0;
;急行;UT32;碧連台;驛;Péklenr-dai;ぺきれんがだい;HRI;0;;;12.000;0.000;;;-54.924;;;;;;0;
10012;各停;LP33;碧連;驛;Péklen;ぺきれん;KI;0;;;-6.000;-2.000;;;35.300;;;;;;0;
10013;急行;XC30;滴原;驛;Tékŋyen;しづくわら;KI;0;;;0.000;-4.500;;;89.937;;;;;;0;
;急行;XC35;慈雲寺;驛;Xǝ'yønŕ-xǝ́;じぉえうんるじぉ;HRI;0;;香港慈雲山;-4.500;6.000;;;-61.122;;;;;;0;
101;快急;H470;岬西;驛;Krávse;みさきにし;KI;0;;地形;-9.500;2.000;;;-16.596;;;;;;0;2
102;特急;H450;端原;驛;Twanŋyen;はたわら;KI;0;;;-5.000;9.000;;;-21.357;;;;;;-1;1
10102;快速;H460;知里;驛;Trlí;ちるり;KI;0;;;-6.500;2.000;;;-15.083;;;;;;0;3
10201;快速;H455;淺川;驛;Sénşyen;あさがわ;KI;0;;八王子市浅川村;-8.000;2.000;;;-20.704;;;;;;0;3
10203;快急;H445;銥山;驛;Işran;イリスやま;KI;0;;;-9.000;2.000;;;-12.009;;;;;;0;3
10202;各停;WT60;函城;驛;Qamjeŋ;はこぎ;KI;0;;;-4.500;5.500;;;-58.145;;;;;;0;
10204;快急;H440;冶城;驛;Iájeŋ;ねりぎ;KI;0;;湖北省大冶市;-7.000;3.000;;;-52.190;;;;;;0;1
10302;急行;H425;伊田;驛;Ida;いだ;KI;0;;;-7.000;0.000;;;-12.470;;;;;;0;3
;貨物;H435;冶城貨物;驛;IJ-Cargo;"ねりぎ<font face=""Tahoma"">°</font>わゔをり";HRI;0;;湖北省大冶市;-12.000;2.000;;;-15.179;;;;;;0;
;貨物;H437;冶城港;驛;IJ-Port;ねりぎがきるう゚;HRI;0;;湖北省大冶市;-5.000;7.000;;;-37.199;;;;;;0;
;急行;WT43;銥山東;驛;Işran-toŋ;イリスやまひがし;HEI;0;;;7.500;0.000;;;-15.176;;;;;;0;
;急行;WT38;冶城東;驛;Iájeŋ-toŋ;ねりぎひんがし;HEI;0;;;7.500;0.000;;;-3.097;;;;;;0;
1;特急;F75;濼安;驛;Lák'an;ら゚くあん;KI;0;;;-5.000;-3.000;;;52.166;;;;;;0;2
2;特急;L80;鳳来;驛;Vúŋlai;ゔう゚ら゚い;KI;0;;;10.000;2.500;;;48.350;;;;;;0;
3;各停;LB75;平野;驛;Beŋ'iá;ひらの;KI;0;;;6.000;4.000;;;47.195;;;;;;0;
4;特急;X90;山辺;驛;Şranpen;やまのべ;KI;0;;;-9.000;1.000;;;40.200;;;;;;0;
5;快急;PJ90;石井;驛;Jekzéŋ;いしゐ;KI;0;;;-6.500;2.000;;;-27.652;;;;;;0;3
6;特急;P15;菱池;驛;Liǝŋdr;ひしいけ;KI;0;;;8.000;1.000;;;;;;;;;0;2
7;特急;P25;落合;驛;Lákqav;をちあい;KI;0;;;-8.000;2.000;;;-17.831;;;;;;0;2
8;特急;N30;匯川;驛;Wáişyen;あいかわ;KI;0;;;-9.000;-3.000;;;77.145;;;;;;0;2
9;各停;JY60;永安;驛;Yéŋ'an;ながやす;KI;0;;;-7.000;0.000;;;17.854;;;;;;0;
10;特急;A155;玉川;驛;Ŋiókşyen;たまがわ;KI;0;;東京都多摩川;8.000;1.000;;;11.781;;;;;;0;2
103;快速;H420;沙洲;驛;Şrasu;さす;KI;0;;地形;-7.000;0.000;;;-12.470;;;;;;0;3
104;快急;W05;海安;驛;Hái'an;うみやす;KI;0;2;;-8.000;0.000;;;-12.470;;;;;;0;1
105;急行;HY60;斜間;驛;Xakran;ざま;KI;0;;相模州座間市;6.000;-2.000;;;-46.677;;;;;;0;3
106;快急;W30;長津;驛;Draŋzǝn;ながつ;KI;0;;;3.500;-5.500;;;-17.000;;;;;;0;
107;急行;WD60;稲葉;驛;Dáu'iév;いなば;KI;0;;;7.000;1.000;;;6.730;;;;;;0;
108;特急;FG15;葛野;驛;Kál'iá;かるの;KI;0;;山城州葛野郡;6.000;-1.000;;;-8.835;;;;;;0;2
109;急行;WD40;漕陽;驛;Xau'iaŋ;ざうやう゚;KI;0;;;-7.500;0.000;;;0.000;;;;;;0;
110;急行;F25;通津;驛;Þoŋzǝn;とをづ;KI;0;;;-2.000;-6.000;;;30.000;;;;;;0;2
111;急行;L35;澤田;驛;Drakda;さわだ;KI;0;;;-6.500;1.000;;;30.000;;;;;;0;
115;急行;F50;灌口;驛;Kwánchó;くわんぐち;HR-KI;0;;成都市灌県;9.000;5.000;-6.000;-5.000;26.887;;;;;;0;1
117;各停;LP40;宝華;驛;Páuwra;ぱううら;KI;0;;;7.000;-5.000;;;0.000;;;;;;0;
119;急行;X58;平沼;驛;Beŋçǿ;ひらぬま;KI;0;;;-7.500;1.000;;;18.779;;;;;;0;
120;特急;XE65;潭城;驛;Damjeŋ;いけぎ;KI;0;;;4.000;5.000;;;74.329;;;;;;0;
121;急行;H540;渟河;驛;Deŋgap;ぬがわ;KI;0;;;8.000;0.000;;;-45.735;;;;;;0;2
122;急行;UK40;浦陰;驛;Fó'im;うらいむ;KI;0;;地形;-1.000;-4.500;;;75.052;;;;;;0;
123;急行;UK55;潮戸;驛;Døqó;しをと;KI;0;;地形;-0.500;-4.500;;;79.662;;;;;;0;
201;特急;W00;豊浦;驛;Fuŋfó;とようら;KI;0;;;6.000;-1.500;;;-20.375;;;;;;0;1
202;急行;FG10;竹田;驛;Trúkda;たけだ;KI;0;;京都市竹田;-7.000;0.000;;;;;;;;;0;2
10303;快速;H415;笹野;驛;Sás'iá;ささの;KI;0;;;-8.000;0.000;;;-12.470;;;;;;0;3
10501;快速;W70;深溝;驛;Şimko;ふかみぞ;KI;0;;;8.000;1.000;;;-31.671;;;;;;0;
10502;急行;W50;高斯;驛;Kausǝ/Gauss;ガウス;KI;0;;;3.000;-5.000;;;-38.864;;;;;;0;
10503;快速;HY80;秋葉;驛;Su'iév;あきば;KI;0;;浜松市秋葉山;6.000;0.000;;;-6.725;;;;;;0;3
10504;急行;HY70;伊能;驛;Inǝŋ/Inō;いのう;KI;0;;伊能忠敬;7.000;0.000;;;-22.000;;;;;;0;3
10505;急行;WD80;柳涇;驛;Liúkeŋ;やなぎみぞ;KI;0;;;8.500;0.500;;;-12.000;;;;;;0;
10602;快速;W40;鳶山;驛;Yenşran;とんびやま;KI;0;;;-9.000;4.500;;;-56.145;;;;;;0;
10603;急行;HY50;梁河;驛;Liaŋgap;やながわ;KI;0;;;-9.500;-2.500;;;-22.691;;;;;;1;3
10402;快速;H410;八里宿;驛;Prállísúk;ぴらる゚りすく;KI;0;;;-10.500;1.000;;;-12.470;;;;;;0;3
104;快急;W05;海安;驛;Hái'an;うみやす;KI;0;;;10.000;0.000;;;-38.844;;;;;;1;
10401;快急;W10;漣陰;驛;Len'im;れんいむ;KI;0;;;-1.000;-5.000;;;-84.560;;;;;;0;
10605;快速;W25;多良;驛;Tala;たら;KI;0;;;5.500;0.000;;;-17.000;;;;;;0;
30101;急行;FG03;漣陽;驛;Len'iaŋ;れんやう゚;KI;0;;地形;-2.000;-5.000;;;77.791;;;;;;0;3
;快急;W20;漣陰新店;驛;LI-Sǝntém;すおんてむ;HRI;1;;;10.000;0.000;;;-17.000;;;;;;0;
;各停;XC45;芝蘭鈴代;站;CL-Leŋdái;すずよ;HRI;1;5;;0.000;5.000;;;88.557;;;;;;0;
;特急;X50;芝蘭;驛;Cilan;し゚ら゚ん;KI;0;;;7.000;2.000;;;39.458;;;;;;0;
12002;急行;XE70;九里河;驛;Kúlígap;くりがわ;KI;0;;;-8.000;4.000;;;-63.562;;;;;;0;
12003;快速;XE55;青嶺;驛;Seŋléŋ;あをね;KI;0;;;-5.000;-4.000;;;51.050;;;;;;0;
12104;特急;UK32;青洲;驛;Seŋsu;あをす;KI;0;;;5.000;4.500;;;47.750;;;;;;0;
;特急;HA35;浦陰口;驛;Fó'im-chó;うらいむぐち;HRI;0;;;10.500;2.500;;;-15.000;;;;;;0;1
;急行;L20;葉酸;驛;Iévswan;えゔすわん;HR-KI;0;;;-9.500;4.000;4.000;6.000;15.000;;;;;;0;
11801;急行;X45;榮川;驛;Yeŋşyen;さかえがわ;KI;0;;;8.000;5.000;;;39.458;;;;;;0;
;各停;X47;杁池;驛;Ñívdr;いりがいけ;HRI;0;;;8.500;3.000;;;39.458;;;;;;0;
;各停;X44;榮川梨島;驛;YŞ-Litáu;なしじま;HR-KI;1;;;-8.000;2.000;7.000;4.000;18.108;;;;;;0;
12103;急行;H547;峠陰;驛;Tók'im;とうぎむ;KI;0;;;7.500;0.000;;;-7.758;;;;;;0;3
;各停;H542;渟河車廠;驛;DG-Dépot;ぬがわしやしやう゚;HRI;0;;;13.000;0.000;;;-18.038;;;;;;0;4
;急行;H555;晴海北;驛;Fálym-kita;はるみきた;HNI;0;;;6.000;-4.000;;;-47.085;;;;;;0;3
909;特急;HA50;晴海市;驛;FM-jí;はるみじ;HR-KI;0;;東京都晴海;7.000;-3.500;-5.500;5.500;-82.897;;;;;;0;2
;貨物;FP90;浦州港;驛;FS-Port;うらすみなと;HRI;0;;;10.000;2.000;;;15.000;;;;;;0;
;貨物;FP80;浦州貨物;驛;FS-Cargo;"うらす<font face=""Tahoma"">°</font>わゔをり";HRI;0;;;7.000;6.000;;;64.884;;;;;;0;
;貨物;FE25;江東港;驛;KT-Port;きるう゚とう゚みなと;HRI;0;;;-3.000;7.000;;;75.000;;;;;;0;
;各停;XV50;下川向;驛;Ráşyenhiáŋ;しもかわむかい;HRI;0;;;0.000;6.000;;;69.861;;;;;;0;
12004;各停;XV55;次仁;驛;Sǝ́ñiñ;すおにん;KI;0;;;0.000;-5.000;;;78.387;;;;;;0;
;各停;XV60;青急峪口;驛;Seŋkív-Vøkchó;せい゚きゔたにぐち;HKRI;0;;;21.000;0.000;;;-68.176;;;;;;0;
;各停;XE75;閂亭;驛;Şwrandeŋ;くわんぬきがでい゚;HR-KI;0;;;-13.500;5.000;8.500;-2.500;-35.972;;;;;;0;
;各停;XE80;芹澤;驛;Şélxwa;せりざわ;HR-KI;0;;;7.000;-0.500;-6.000;2.000;-31.133;;;;;;0;
;急行;F97;禾州西;驛;Wasu-se;いなすにし;HWI;0;;;0.000;6.000;;;90.000;;;;;;0;2
;急行;N03;禾州東;驛;Wasu-toŋ;いなすひんがし;HEI;0;;;0.000;-5.000;;;90.000;;;;;;0;2
;快急;IR80;禾州北;驛;Wasu-pǝ́k;いなすきた;HNI;0;;;-7.500;5.000;;;0.000;;;;;;0;2
;快急;IR30;禾州南;驛;Wasu-nam;いなすみなみ;HSI;0;;;-7.500;5.000;;;0.000;;;;;;0;2
;特急;IL10;朱雀橋;驛;Ciuzákr-gø;し゚ゆさ゚くがはし;HRI;0;;;-1.500;5.000;;;0.000;;;;;;0;1
;各停;LP47;結山南;驛;Kélşran-nam;ゆいやまみなみ;HSI;0;;;-8.000;2.000;;;-12.690;;;;;;0;
;特急;L50;福原;驛;Fúkŋyen;ふくわら;KI;0;;摂津州福原京;-8.500;3.000;;;30.000;;;;;;0;1
11303;急行;PG52;結山;驛;Kélşran;ゆいやま;KI;0;;;0.000;7.000;;;-60.000;;;;;;0;3
1006;各停;ID41;鳳栖原;驛;Vúŋser-ŋyen;ゔう゚せがはら;HRI;0;;;10.000;-1.500;;;0.000;;;;;;0;
1009;快速;IK70;龍首原;驛;Liuŋşiúr-ŋyen;りゅう゚しゅがはら;HRI;0;;;-11.500;-5.000;;;0.000;;;;;;0;3
;各停;IB17;朱雀会展;驛;Ciuzák-Wáitén;し゚ゅさ゚くわいてん;HRI;0;5;;0.000;-5.000;;;90.000;;;;;;0;
1003;急行;IL13;鴨汀;驛;Ávþeŋ;かもなぎさ;KI;0;;;-2.000;-5.000;;;90.000;;;;;;0;
;快速;IP50;鳳栖南大路中山;驛;VS-Namdáiló-Truŋşran;みなみをぢつるう゚しらん;HRI;1;5;;0.000;5.000;;;90.000;;;;;;0;3
;各停;IW49;南陵市場前;驛;Namliǝŋ-tidraŋ-xen;なむりおう゚ちぢらう゚ぜん;HRI;0;5;;-13.500;0.000;;;0.000;;;;;;0;
;各停;L96;桂川古地;站;KŞ-Kódí;ふるぢ;HRI;1;5;;-6.500;-3.000;;;57.838;;;;;;0;
;急行;L95;桂川西;驛;Kyéşyen-se;かつらがわにし;HWI;0;;;-7.500;-1.000;;;59.504;;;;;;0;
1008;各停;LB95;板橋;驛;Prángø;いたばし;KI;0;;;6.500;4.500;;;45.100;;;;;;0;
1008;各停;LB94;板橋杁涇;驛;PG-Ñívkeŋ;いりみぞ;HKRI;1;5;;12.500;3.500;;;45.100;;;;;;0;
;快速;IL15;若林妙音;驛;Ñiáklim-Mǿ'im;わかばやしめういむ;HRI;0;5;豊田市若林・名古屋市妙音通;0.000;-5.000;;;90.000;;;;;;0;
;各停;PT54;輕固;驛;Cheŋkó;カルゴ;HKRI;0;;;10.000;5.000;;;0.000;;;;;;0;4
;快速;IP70;六方;驛;Liúkfaŋ;むかた;HKRI;0;;;-10.500;0.000;;;0.000;;;;;;0;3
;特急;IN03;城南東皋;驛;Jeŋnam-Toŋkau;ぜい゚なむとう゚かう;HRI;0;5;;10.500;5.000;;;26.930;;;;;;0;
;各停;G86;扶風納山;驛;VF-Návşran;をさめやま;HRI;1;;"Napf, CH";-10.500;0.000;;;;;;;;;0;3
;貨物;PT48;板橋貨物;驛;Prángø-hwámǿl;"いたばし<font face=""Tahoma"">°</font>わもり";HOI;0;;;0.000;5.000;;;90.000;;;;;;0;
;各停;A195;馮翊清見;驛;BI-Seŋkén;きよみ;HRI;1;;;10.500;0.000;;;;;;;;;0;3
;各停;A175;春日倉庚;驛;ŞÑ-Saŋkraŋ;うぐゐす;HKRI;1;5;;13.000;-5.000;9.000;-5.000;90.000;;;;;;0;4
;急行;IL14;鴨汀東;驛;Ávþeŋ-toŋ;かもなぎさひんがし;HEI;0;;;3.000;5.000;;;90.000;;;;;;0;
;各停;IL14;鴨汀東;驛;Rávþeŋ-toŋ;かもなぎさひんがし;HEI;0;2;;-4.000;-5.000;;;39.601;;;;;;0;
;快速;IL17;仙岩森林公園;驛;Senŋram-şimlimkoŋ'yen;せんき゚らむしむりむこう゚ゑん;HRI;0;5;箱根町仙石原;-4.500;6.000;;;82.354;;;;;;0;
;快速;F90;扶風早田原;驛;VF-Sáudaŋyen;さだわら;HR-KI;1;;;8.500;4.000;-10.000;-4.000;64.988;;;;;;0;3
1101;快速;F80;若莱;驛;Ñiáklai;わかやぶ;KI;0;;;-7.000;-0.500;;;54.827;;;;;;0;3
1201;快速;L85;石堤;驛;Jekte;いしづつみ;KI;0;;;9.500;3.000;;;48.349;;;;;;0;
1802;快速;N15;櫻台;驛;Ǝŋdai;さくらだい;KI;0;;;3.000;5.500;;;79.700;;;;;;0;3
;各停;PT83;鳳来長田南;驛;VL-Draŋda-nam;ながだみなみ;HSI;1;5;;6.000;6.500;;;-69.227;;;;;;0;3
1202;快速;L78;楡溪;驛;Uche;にれだに;KI;0;;;9.000;3.000;;;48.350;;;;;;0;
1103;快速;F70;大泊;驛;Dáibak;まくどまり;KI;0;;;-8.000;-0.500;;;49.274;;;;;;0;3
1104;快速;F65;晴川;驛;Xeŋşyen;はるがわ;KI;0;;;-7.000;-0.500;;;29.450;;;;;;0;3
1204;急行;LB85;"黎曼<font face=""Microsoft YaHei"">卟啉</font>";驛;RM-Póklim;ポルヒリン;HR-KI;1;;;-9.500;-0.500;9.000;2.000;-18.380;;;;;;0;
1301;快速;L75;竹西;驛;Trúkse;たけにし;KI;0;;;-7.000;0.000;;;5.920;;;;;;0;
1302;快速;F63;白沙;站;Brakşra;しらすな;KI;0;;;-7.000;0.000;;;8.900;;;;;;0;3
1303;急行;L70;柳岸;驛;Liúŋán;やなぎぎし;KI;0;;;9.000;2.000;;;14.398;;;;;;0;
1304;快速;F60;山崎;驛;Şrangi;やまざき;KI;0;;乙訓郡大山崎町;-7.000;0.000;;;10.354;;;;;;0;3
1402;快速;X85;藤崎;驛;Dǝŋgi;ふぢざき;KI;0;;;-7.000;-1.000;;;21.341;;;;;;0;
1403;快速;X80;散野;驛;Sán'iá;ちりの;KI;0;;;-6.500;1.500;;;17.230;;;;;;0;
1501;急行;X95;雨池;驛;Údr;あめいけ;KI;0;;;8.000;4.500;;;56.150;;;;;;0;
1502;各停;PL74;碧塘;驛;Pékdaŋ;みどりどて;KI;0;;;-9.000;1.000;;;0.000;;;;;;0;3
1503;各停;PL97;砧原;驛;Trmŋyen;きぬたわら;KI;0;;;8.500;-3.500;;;-1.000;;;;;;0;3
1604;快急;P20;川治;驛;Şyendŕ;かわぢ;KI;0;;;6.000;0.000;;;-6.631;;;;;;0;3
;各停;L66;冷泉柵;驛;Léŋxyenŕ-şrák;れい゚ずゑんるしらく;HRI;0;;;-11.000;-2.000;;;13.539;;;;;;0;
;各停;XB80;疏林;驛;Şiǝlim;しぉりむ;HRI;0;;;8.000;4.500;;;77.755;;;;;;0;
1204;各停;LB80;黎曼;驛;Leman/Riemann;リーマン;KI;0;;;-6.000;-1.500;;;43.723;;;;;;0;
;急行;IN01;山辺理研;驛;ŞP-Líŋen;やまのべりけ゚ん;HRI;0;;;0.000;-5.000;;;90.000;;;;;;0;
;快速;WX45;藤原星取;驛;DŊ-Seŋsú;ほしどり;HRI;1;;;-9.500;-2.500;;;73.056;;;;;;0;
1401;急行;IN05;蝶城;驛;Devjeŋ;でゔぎ;KI;0;;;0.000;5.000;;;90.000;;;;;;0;
;快速;WX55;高斯明池;站;GS-Meŋdr;あかいけ;HKRI;1;;;9.500;5.000;;;66.739;;;;;;0;
;快速;WX58;斜間追分;站;XK-Trufon;をいわけ;HRI;1;;;-13.000;4.000;;;24.471;;;;;;0;
10504;貨物;HY67;伊能貨物;驛;Inō-hwámǿl;"いのう<font face=""Tahoma"">°</font>わもり";HOI;0;;伊能忠敬;11.000;-1.500;;;-41.630;;;;;;0;
10503;快速;HY75;秋葉北;驛;Su'iév-pǝ́k;あきばきた;HNI;0;;浜松市秋葉山;8.000;2.000;;;-12.000;;;;;;0;4
;各停;IN89;山辺伊泉;驛;ŞP-Ixyen;いづみ;HKRI;1;5;;-14.000;2.000;;;-51.085;;;;;;0;
6;急行;IN09;菱池本初台;驛;LD-Pónşiǝŕ-dai;ぽんしおるだい;HRI;1;;;-11.000;4.500;;;-58.260;;;;;;0;
11601;急行;X67;粉河;驛;Fóngap;こがわ;KI;0;;;-5.000;5.000;;;-60.100;;;;;;0;
11602;特急;X70;黄雀;驛;Waŋzák;わう゚さ゚く;KI;0;;;8.000;0.000;;;-9.540;;;;;;0;
11603;急行;X75;梁島;驛;Liaŋtáu;やなじま;KI;0;;;8.500;2.000;;;17.230;;;;;;0;
11804;快速;X54;桂台;驛;Kyédai;かつらだい;KI;0;;;9.000;3.000;;;39.460;;;;;;0;
11701;各停;LP36;柯西;驛;Kase/Cauchy;コーシー;KI;0;;;9.000;2.000;;;29.200;;;;;;0;
11703;各停;LP43;安戸;驛;Anqó;やすど;KI;0;;;-7.500;2.000;;;-19.200;;;;;;0;
11902;快速;X62;蘿塘;驛;Ladaŋ;ら゚どて;KI;0;;;-6.500;0.000;;;5.360;;;;;;0;
11904;特急;X65;藍地;驛;Lamdí;ら゚むぢ;KI;0;;;-5.000;-3.000;;;49.389;;;;;;0;2
;快速;XD61;平沼菱田;驛;BÇ-Liǝŋda;ひしだ;HRI;1;5;;6.500;-5.000;;;-48.435;;;;;;0;
;快速;XD63;潭城松戸;驛;DJ-Soŋqó;まつど;HRI;1;5;;-10.000;4.500;;;-52.739;;;;;;0;
11602;急行;X70;黄雀;驛;Waŋzák;わう゚さ゚く;KI;0;1;;-8.000;0.000;;;8.127;;;;;;0;
900;特急;E00;鹽州;驛;Şi'ósu;しをす;KI;0;;;5.000;5.000;;;79.719;;;;;;0;1
901;快速;ED90;陀城;驛;Dajro;だじろ;KI;0;;;-6.000;4.000;;;-11.327;;;;;;0;
90101;快速;ED80;吹島;驛;Fykíşima;ふきしま;KI;0;;;4.000;6.000;;;68.897;;;;;;0;
902;特急;E20;硫浦;驛;I'ówra;いをうら;KI;0;;;-7.000;-5.500;;;0.000;;;;;;0;1
90102;快速;ED82;鴨居リゾルツ;驛;KI-Resort;かもいリゾルツ;HRI;0;;横浜市鴨居;12.500;5.500;;;79.732;;;;;;0;
90103;快急;H585;笹原;驛;Sasáwra;ささわら;KI;0;;;-8.000;0.000;;;32.486;;;;;;0;2
11701;快速;LP36;柯西;驛;Kase/Cauchy;コーシー;KI;0;5;;-9.500;3.500;;;-60.100;;;;;;0;
;各停;LP41;宝華新田;驛;PW-Sǝnda;すおんだ;HR-KI;0;;;-8.000;0.000;9.000;0.000;0.000;;;;;;0;
11302;急行;L55;緑浦;驛;Liókfó;みどりうら;KI;0;;;-9.000;1.000;;;30.000;;;;;;0;
11304;急行;PG55;六日市;驛;Liúkñílti;むいかち;KI;0;;;-6.000;5.000;;;-60.100;;;;;;0;3
;各停;LP46;結山月城町;驛;KŞ-Týkjeŋr-met;つきぎがまち;HRI;1;;;12.000;1.500;;;13.434;;;;;;0;
;急行;PG58;粉河月陰;驛;FQ-Týk'im;つきいむ;HKRI;1;;;0.000;5.000;;;89.287;;;;;;0;3
116;各停;YS62;桑田若木;驛;SD-Ñiákmók;わかぎ;HKRI;1;5;;0.000;5.000;;;87.706;;;;;;0;
11501;快速;L60;河原;驛;Gapŋyen;かわら;KI;0;;;-6.000;0.000;;;30.000;;;;;;0;
;快速;L63;濼電金町;驛;Lákdén-Kimmet;ら゚くでんかなまち;HRO-KI;0;;;-13.000;0.000;16.000;0.000;30.000;;;;;;0;
11301;快速;L45;中泉;驛;Truŋxyen;なかいづみ;KI;0;;磐田市中泉町;-9.000;1.000;;;30.000;;;;;;0;
11101;各停;L30;"<font face=""Microsoft YaHei"">砼</font>城";驛;Doŋjeŋ;どう゚ぎ;KI;0;;;-6.000;1.500;;;16.515;;;;;;0;
11102;快速;L40;蜻蛉;驛;Zeŋleŋ;せ゚い゚れい゚;KI;0;;;-7.500;1.000;;;30.000;;;;;;0;
11502;快速;F58;鏡城;驛;Kéŋjeŋ;かがみぎ;HR-KI;0;;;-7.000;-0.500;7.000;1.000;12.454;;;;;;0;4
11002;各停;F20;太和;驛;Þái'wa;"<font face=""Tahoma"">°</font>たいわ";KI;0;;;-6.000;-2.500;;;15.000;;;;;;0;3
11003;快速;F30;水口;驛;Şýchó;みなぐち;KI;0;;;-7.500;1.000;;;30.000;;;;;;0;3
11201;快速;F35;新堤;驛;Sǝnte;にゐづつみ;KI;0;;;-9.000;1.000;;;30.000;;;;;;0;3
11202;急行;F45;水街;驛;Şýkrai;みなまち;KI;0;;;-9.000;5.000;;;27.710;;;;;;0;3
11204;快速;FG70;淺井;驛;Sénzéŋ;あさゐ;KI;0;;;-6.500;4.000;;;-71.000;;;;;;0;3
10701;急行;WD70;蝶野;驛;Dev'iá;でゔの;KI;0;;;7.000;0.000;;;-11.304;;;;;;0;
10704;快速;FD75;"<font face=""Microsoft YaHei"">凼</font>池";驛;Támdr;ためいけ;KI;0;;;-1.000;-5.000;;;78.170;;;;;;0;3
90005;各停;XE88;青急葛城;驛;Seŋkív-Katrági;せい゚きゔかつらぎ;HR-KI;0;;;11.000;-1.500;-10.000;2.000;-56.333;;;;;;0;
;急行;XE95;鹽州亀林;驛;ŞS-Keméba'ieş;かめばやし;HRI;1;;;-10.500;4.000;;;-48.376;;;;;;0;
;快速;E05;鹽州大学;驛;ŞS-Dáirǝk;しをるだいるぉく;HRI;0;;;-10.500;1.000;;;0.000;;;;;;0;
;各停;F10;鉀碱;驛;Krávkrám;カリきらむ;HR-KI;0;;;-9.500;4.000;3.500;7.000;15.000;;;;;;0;3
;快速;FD90;新堤西;驛;Sǝnte-se;にゐづつみにし;HWI;0;;;-7.000;-2.000;;;78.170;;;;;;0;3
10505;快速;FR78;柳涇西;驛;Liúkeŋ-se;やんぎみぞにし;HWI;0;;;-2.000;5.000;;;-75.300;;;;;;0;4
11002;快速;FR12;太和南;驛;Þái'wa-nam;"<font face=""Tahoma"">°</font>たいわみなみ";HSI;0;;;-8.000;4.000;;;-76.000;;;;;;0;4
;快速;F15;太和聯鈉;驛;ÞW-Lennáv;れんナトリ;HR-KI;1;;;-9.000;4.000;5.500;6.000;15.000;;;;;;0;4
11103;貨物;FR32;辻橋貨物;驛;Jivgø-hwávǿl;"つじばし<font face=""Tahoma"">°</font>わゔをり";HOI;0;;;2.000;-5.000;;;-60.100;;;;;;0;
11701;快速;FR40;音羽;驛;Im'ú;おとわ;HKRI;0;;;11.000;-2.000;;;-60.100;;;;;;0;3
;快速;L25;"<font face=""Microsoft YaHei""><span style=""font-size:6.5pt"">砼城</span>嘌呤</font>";驛;DJ-Føleŋ;プリン;HR-KI;0;;;-6.500;4.000;5.500;6.000;15.000;;;;;;0;
11103;貨物;FR42;芝蘭貨物;驛;Cilan-hwámǿl;"し゚ら゚ん<font face=""Tahoma"">°</font>わもり";HOI;0;;;7.000;-5.000;;;-60.100;;;;;;0;
10801;急行;WL17;藤橋;驛;Dǝŋgø;ふぢばし;KI;0;;;1.000;6.000;;;71.980;;;;;;0;
10802;快速;HY30;伊渠;驛;Igǝ;いぎお;KI;0;;;-7.000;2.000;;;-18.660;;;;;;0;3
10803;快速;FG40;蓮池;驛;Lendr;はすいけ;KI;0;;;0.000;5.500;;;-84.262;;;;;;0;3
10901;急行;FG50;坪間;驛;Beŋkran;つぼま;KI;0;;;-3.000;5.500;;;-71.030;;;;;;0;3
;各停;IR31;蕙心園;驛;Yésǝmr-yen;ゑしぉむるゑん;HRI;0;5;;0.000;-5.000;;;0.000;;;;;;0;
;特急;IL10;朱雀橋;驛;Ciuzákr-gø;し゚ゆさ゚くがはし;HRI;0;1;;-1.500;5.000;;;90.000;;;;;;1;
;各停;QK07;葛涇玉符川;驛;KM-Ŋiókvu-gawa;き゚よくぶかわ;HRI;1;5;済南市玉符河;-11.500;4.500;;;-68.074;;;;;;0;
;貨物;F18;浦州(郵);驛;FS-Post;うらすつるう゚やう゚;HRI;0;;;-11.500;-1.500;;;65.222;;;;;;0;
;貨物;FE29;江東貨物;驛;KT-Cargo;きるう゚と゚°わゔをり;HRI;0;;;2.500;5.500;;;74.950;;;;;;0;
;貨物;PL95;石井貨物;驛;JZ-Cargo;いしゐ°わゔをり;HRI;0;;;11.500;-0.500;;;-0.606;;;;;;0;
800;特急;M00;源州;驛;Ŋyensu;みどす;KI;0;;;5.500;-3.000;;;-60.000;;;;;;0;1
801;特急;Q50;櫻井;驛;Sakwrái;さくらい;KI;0;;櫻井純;5.500;5.000;;;75.000;1918 湖陰本線堤口帆柄間開業に際して;;;;;0;
802;快速;QT70;凪和;驛;Ñéŋ'wa;なぎわ;KI;0;;;-1.500;5.500;;;-77.456;;;;;;0;
803;急行;N85;"<font face=""Microsoft YaHei"">澩</font>溪";驛;Keléxwa;かれざわ;KI;0;;;1.000;-5.000;;;-80.000;;;;;;0;3
804;特急;Q00;今切市;驛;Ŋimsélr-jí;き゚むせりルじ;HKRI;0;;浜名湖今切口;-15.500;3.000;;;-30.774;;;;;;0;
805;急行;N55;"<font face=""Microsoft YaHei"">汮</font>陽";驛;Kyñ'iaŋ;きゐんやう゚;KI;0;;;1.000;-5.000;;;-81.478;;;;;;0;2
80001;特急;Q90;堤口;驛;Techó/Døtégyt;どてぐち;KI;0;;済南市堤口路;-7.750;-1.000;;;52.554;1918 湖陰本線堤口帆柄間開業に際して;;;;;0;
80002;急行;N95;柳花泊;驛;Liúhwrabak;"りゆ<font face=""Tahoma"">°</font>うらどまり";KI;0;;;10.500;-1.000;;;-60.000;;;;;;0;3
80005;快速;Q60;採蘋;驛;Mótøl;もとり;KI;0;;;5.000;4.000;;;44.419;1918 湖陰本線堤口帆柄間開業に際して;;;;;0;
80101;各停;QA45;金町;驛;Kanámet;かなまち;KI;0;;東京都金町;-7.500;2.000;;;-16.756;;;;;;0;
80103;特急;Q30;帆柄;驛;Fógra;ほがら;KI;0;;;1.000;-5.500;;;-78.369;1918 湖陰本線堤口帆柄間開業に際して;;;;;0;
80104;快速;QN35;小沼;驛;Kónuma;こぬま;KI;0;;;6.000;0.500;;;0.416;;;;;;0;
80105;快速;QN38;隆山;驛;Taká'iama;たかやま;KI;0;;;7.000;0.500;;;-11.564;;;;;;0;
80301;急行;N90;丹堰;驛;Ñixek;にぜき;KI;0;;;4.500;-4.000;;;-60.000;;;;;;0;3
80302;快速;N80;惠山;驛;Yéşran;ゑやま;KI;0;;;0.000;-5.000;;;-80.000;;;;;;0;3
80401;快速;N75;春漣;驛;Şyñlen;しゐんれん;KI;0;;;1.000;5.500;;;79.086;;;;;;0;3
80402;急行;Q15;傾涯;驛;Ñeméŋak;なめか゚く;KI;0;;;4.000;-4.000;;;-57.412;;;;;;0;
80403;急行;N65;迭津;驛;Delzǝn;でりつ;KI;0;;四川省迭部県;-2.500;5.500;;;-67.250;;;;;;0;3
80404;急行;PC85;松籟谷;驛;SL-r-kók;まつかぜがや;HKRI;0;;;-15.500;2.000;;;-17.106;;;;;;0;3
80501;快速;N40;坂中;驛;Fántruŋ;さかなか;KI;0;;;4.000;-4.500;;;-89.480;;;;;;0;3
80502;急行;N60;織原;驛;Ciǝ́kŋyen;をりわら;KI;0;;;4.000;-4.000;;;-66.472;;;;;;0;3
;特急;N105;新源州;驛;Sǝn-Midósu;すおんみどす;HRI;0;;;12.000;-3.000;;;-60.000;;;;;;1;
;高速;N105;新源州;驛;Sǝn-Midósu;すおんみどす;;0;-1;;12.000;-3.000;;;-60.000;;;;;;0;1
804;特急;N70;今切橋;驛;ŊS-r-gø;き゚むせりがはし;HRI;0;;浜名湖今切口;3.500;-6.000;;;-51.552;;;;;;0;2
;準高;KS50;中嶺;驛;Truŋléŋ;なかみね;HKRI;0;;;11.000;6.000;;;62.841;;;;;;0;3
904;特急;H650;鵜泊;驛;Udómel;うどまり;KI;0;;;-1.000;-5.000;;;75.060;;;;;;0;1
1904;急行;G55;高軒;驛;Kauhen;たかや;KI;0;;;5.500;-3.000;;;-15.057;;;;;;0;3
801;貨物;Q55;櫻井貨物;驛;SI-Cargo;さくらい°わゔをり;HRI;0;;;-1.000;-5.500;;;75.000;1918 湖陰本線堤口帆柄間開業に際して;;;;;0;
;急行;Q25;成環;驛;Nál'wa;なるわ;HKRI;0;;;-3.500;5.500;;;-77.344;;;;;;0;
;急行;Q10;曙ヶ歩危;驛;Ekebóngabøke;あけぼんがぼけ;HRI;0;;阿波州三好市大步危;12.000;-0.500;;;-23.692;;;;;;0;
807;快速;QK20;蒲川;驛;Kamágawa;かまがわ;KI;0;;;-1.000;5.500;;;-81.836;;;;;;0;
80005;各停;N110;葛涇;驛;Kuúsúmixo;くずみぞ;KI;0;;;5.000;-3.000;;;-60.000;;;;;;0;3
80201;快速;N115;千頃;驛;Senchyéŋ;"せん<font face=""Tahoma"">°</font>きゑい゚";KI;0;;;8.000;-1.000;;;-50.972;;;;;;0;3
80202;急行;N120;珊橋;驛;Tamábeş;たまばし;KI;0;;;4.000;-4.000;;;-56.280;;;;;;0;2
808;快速;N125;新城;驛;Ñýşro;にゐしろ;KI;0;;;6.500;-1.500;;;-28.914;;;;;;0;3
80801;特急;H730;苅安;驛;Kél'ias;かりやす;KI;0;;;1.500;-5.000;;;-65.951;;;;;;0;2
;快速;QT80;千頃遍照寺;驛;SC-Pénçǿr-xǝ́;ぺんせ゚うるずお;HRI;1;;;-5.000;5.000;;;-76.328;;;;;;0;
;快速;QT78;凪和月夜野;驛;NW-Tyk'ióno;つきよの;HRI;1;5;上野州利根郡月夜野町;5.000;-5.000;;;-79.628;;;;;;0;
;快速;QT72;凪和花穗原;驛;NW-Fanabówra;はなぼわら;HRI;1;5;;5.000;-5.000;;;-79.628;;;;;;0;
80005;快速;QT63;萱汀;驛;Ka'iáñeŋsa;かやなぎさ;HRI;0;;;10.000;-2.000;;;-57.007;;;;;;0;
;急行;N112;蒲陰;驛;Kamá'im;かまいむ;HRI;0;;;8.500;-2.000;;;-46.268;;;;;;0;3
80005;快速;N110;葛涇;驛;Kúsmixo;くずみぞ;KI;0;2;;0.000;5.500;;;-90.000;;;;;;1;
80301;貨物;N92;丹堰貨物;驛;ÑX-Cargo;にぜき°わゔをり;HRI;0;;;-10.000;5.000;;;-60.000;;;;;;0;
;各停;KK86;猫耳山;驛;Mrauñír-şran;ねこみみがやま;HRI;0;;;10.500;0.000;;;0.000;;;;;;0;
;各停;QA47;櫻井追分;驛;SI-Ǝ́iwake;おいわけ;HRI;1;;地形;10.500;-0.500;;;-12.369;;;;;;0;
;急行;QE40;隆山高原;驛;TI-Kauŋyen;たかやまかうき゚ゑん;HRI;0;;;12.000;2.500;;;34.121;;;;;;0;
;各停;QA41;城ヶ崎;驛;Jrógasek;じろがさき;HRI;0;;;-10.500;2.000;;;-17.004;;;;;;0;
;各停;QA42;金町久保和;驛;KM-Kúbowa;くぼわ;HRI;1;;;-12.500;2.000;;;-19.097;;;;;;0;
807;各停;QK22;蒲川東;驛;Kamágawa-toŋ;かまがわひんがし;HEI;0;;;6.000;4.500;;;62.615;;;;;;0;
80602;快速;NV10;杁橋;驛;Ílŋagǝ́i;いりばし;KI;0;;;7.500;3.000;;;34.813;;;;;;0;3
90004;快急;H610;散江;驛;Tíl'ie;ちりえ;KI;0;;;4.000;5.000;;;83.770;;;;;;0;3
90004;快速;H610;散江;驛;Tíl'ie;ちりえ;KI;0;2;;0.000;-6.000;;;85.815;;;;;;0;3
;特急;L02;江東道;站;KT-ŕ-dáu;きるう゚とう゚がみち;HRI;0;5;;-10.000;2.000;;;;;;;;;0;
;急行;L01;江東海岸;站;KT-Háiŋán;"きるう゚とう゚<span style=""font-family:Tahoma"">°</span>あいか゚ん";HRI;0;5;;-11.000;2.000;;;;;;;;;0;
;急行;UK05;芝浦;站;Cifó;しばうら;KI;0;5;東京都芝浦;-8.000;2.000;;;;;;;;;0;
;急行;UK04N;芝浦海岸;站;CF-Háiŋán;"しばうら<span style=""font-family:Tahoma"">°</span>あいか゚ん";HRI;0;5;;-12.500;2.000;;;;;;;;;0;
;快急;UK01;江東州庁;站;KT-Suþeŋ;す°てい゚;HRI;1;5;;-11.000;2.000;;;;;;;;;0;
;急行;UK02N;江東呉服町;站;KT-Ŋovukŕ-met;こ゚ゔくてい゚;HRI;1;5;;-13.500;2.000;;;;;;;;;0;
;快急;UK04;芝浦妙見;站;CF-Mǿkén;めうけん;HRI;1;5;;-11.000;2.000;;;;;;;;;0;
;各停;H505;江東中華街;站;KT-Truŋ'wraŕkrai;つるう゚ゐらきらい;HRI;1;5;;-13.000;2.000;;;;;;;;;0;3
;各停;UF00N;辰巳;站;Jiñxǝ́;たつみ;HRI;0;;東京都辰巳;1.500;-5.000;;;;;;;;;0;
;各停;H515;江東丹城町;站;KT-Tanjeŋŕ-met;にじろまち;HRI;1;5;;-13.000;2.000;;;;;;;;;0;3
;各停;H520;芝浦竹内;站;CF-Trúknái;たけうち;HRI;1;5;奈良県竹内街道;-11.000;2.000;;;;;;;;;0;3
;各停;H495;四方海津道;站;IF-Háizǝnr-dáu;うみづみち;HRI;1;2;;0.000;-5.000;;;;;;;;;1;
;各停;H495;四方海津道;站;IF-Háizǝnr-dáu;うみづみち;HRI;1;5;;12.000;4.000;;;;;;;;;0;4
;各停;H488;坤順新地;站;CJ-Sǝndí;すおんぢ;HRI;1;5;;12.000;2.000;;;;;;;;;0;4
;各停;H482;坤順石塘;站;CJ-Jekdaŋ;いしどて;HRI;1;5;;11.000;4.000;;;;;;;;;0;4
;各停;H478;坤順鑭衢;站;CJ-Langu;ランタンどをり;HR-KI;1;5;;-5.000;-4.000;7.000;4.000;;;;;;;0;4
;各停;H476;坤順杉津;站;CJ-Şramzǝn;すぎづ;HRI;1;5;;11.000;4.000;;;;;;;;;0;4
;各停;UF00R;辰巳埠頭;站;Jiñxǝ́-Vúdo;たつみゔど;HRI;0;;東京都辰巳;-14.000;1.500;;;;;;;;;0;
;各停;F03;北関成津;站;PK-Jeŋzǝn;なりづ;HRI;1;5;;11.000;2.000;;;;;;;;;0;4
;各停;F01;北関興亜橋;站;PK-Hiǝŋ'rár-gø;"<font face=""Tahoma"">°</font>よぉう゚らがはし";HRI;1;5;;12.500;2.000;;;;;;;;;1;4
;各停;F07;清江下塘;站;SK-Voldaŋ;しもどて;HR-KI;1;5;;-8.000;0.000;8.500;2.000;;;;;;;0;4
;各停;HA23;芝浦八剱町;站;CF-Prálkémr-met;やつるぎまち;HRI;1;5;;12.500;0.000;;;;;;;;;0;4
;急行;HA26;芝浦一色;站;CF-LŕŞiǝ́k;りるしおく;HRI;1;5;名古屋市下之一色町;9.500;-1.500;;;;;;;;;1;
;各停;HA26;芝浦一色;站;CF-LŕŞiǝ́k;りるしおく;HRI;1;2;名古屋市下之一色町;-13.000;0.000;;;;;;;;;0;3
;急行;UK06;芝浦鷺涇;站;CF-Lókeŋ;さぎみぞ;HRI;1;5;;9.500;-1.500;;;;;;;;;0;
;各停;HA28;新濱港和坊;站;SP-Krǝ́ŋ'war-vaŋ;きるう゚わがわ゙う゚;HRI;1;;;-13.500;-2.000;;;;;;;;;0;4
;各停;FE27;辰巳港橋坊;站;JX-Krǝ́ŋgør-vaŋ;きるう゚げうがわ゙う゚;HRI;1;5;;4.000;5.000;;;;;;;;;0;5
;各停;FE26;辰巳港舟坊;站;JX-Krǝ́ŋciur-vaŋ;きるう゚し゚うがわ゙う゚;HRI;1;;;-12.500;2.000;;;;;;;;;0;5
;急行;UK27;新濱西;站;Sǝnpiñ-se;にいわまにし;HWI;0;5;;7.000;-1.500;;;;;;;;;0;
;各停;UK30;新濱港怡坊;站;SP-Krǝ́ŋ'ir-vaŋ;きるう゚いがわ゙う゚;HRI;1;5;;12.500;1.000;;;;;;;;;0;
;各停;UK31;新濱港済坊;站;SP-Krǝ́ŋzér-vaŋ;きるう゚せ゚がわ゙う゚;HRI;1;5;;12.500;1.000;;;;;;;;;0;
;各停;H532;新濱港裕坊;站;SP-Krǝ́ŋ'úr-vaŋ;きるう゚う゚がわ゙う゚;HRI;1;5;;13.000;-1.000;;;;;;;;;0;4
;各停;H531;新濱柳園;站;SP-Liú'yen;やなぎぞの;HRI;1;5;敦煌市柳園;11.500;0.000;;;;;;;;;0;4
;各停;H526;芝浦緑苑;站;CF-Liók'yén;りよくゑん;HRI;1;5;;11.500;0.000;;;;;;;;;0;4
;各停;H527;芝浦新川;站;CF-Sǝnşyen;すおんがわ;HRI;1;5;;11.500;0.000;;;;;;;;;0;3
;各停;H528;新濱瀬晴;站;SP-Láixeŋ;せばる;HRI;1;5;;11.500;0.000;;;;;;;;;0;4
;各停;HA21;旭山新渡戸;站;HŞ-Sǝndóqó;にとべ;HKRI;1;5;;13.500;-1.500;;;;;;;;;0;4
;各停;HA18;旭山雁追坊;站;HŞ-Ŋrántrur-vaŋ;かりをいわ゙う゚;HRI;1;5;;2.000;-5.000;;;;;;;;;0;4
;各停;HA10;安涇義和;站;AK-Ŋí'wa;き゚わ;HRI;1;5;;1.500;-5.000;;;;;;;;;0;3
;各停;HA02;清江馳道;站;SK-Drdáu;ぢるだう;HKRI;1;5;;-13.000;3.500;;;;;;;;;0;3
;各停;HA01;乾建滅川;站;GK-Mélşyen;めりがわ;HKRI;1;5;川勝平太;-13.000;3.500;;;;;;;;;0;4
;急行;L11;弥榮浦大西口;站;MY-Fódái-sechó;うらだいにしぐち;HRI;1;5;;12.000;-2.000;;;;;;;;;0;
;急行;L12;弥榮豊洲;站;MY-Fuŋsu;とよす;HRI;1;5;;-1.000;-5.000;;;;;;;;;0;
;各停;L13;弥榮豊洲北;站;MY-Fuŋsu-pǝ́k;とよすきた;HRI;1;5;;11.000;-1.000;;;;;;;;;0;
;快急;UK98;四方大手道;站;IF-Dáişiúr-dáu;ををてがみち;HRI;1;5;;4.000;-5.000;;;;;;;;;0;
;快急;UK96;四方北関道;站;IF-Pǝ́kkwranr-dáu;ぽぉっくらんがみち;HRI;1;5;;13.000;-2.000;;;;;;;;;0;
;快急;UK95;四方乾建道;站;IF-Genkénr-dáu;あまたけがみち;HRI;1;5;;-14.000;3.500;;;;;;;;;0;
;各停;UJ92;四方西関道;站;IF-Sekwranŕ-dáu;せくらんがみち;HRI;1;5;;-2.000;5.000;;;;;;;;;0;
;各停;UF93;四方坤順道;站;IF-Chonjýñr-dáu;つちのぶがみち;HRI;1;5;;5.000;-5.000;;;;;;;;;0;
;急行;UT95;四方街;站;Iønfaŋŕkrai;よにはう゚がきらい;I;0;5;;-6.500;0.000;;;;;;;;;1;
;急行;UK93;乾建日枝坊;站;GK-Mítker-vaŋ;みつけがわ゙う゚;HRI;1;5;;-12.000;2.000;;;;;;;;;0;
;急行;UK92;乾建惠津;站;GK-Yézǝn;ゑつ;HRI;1;5;;10.500;2.000;;;;;;;;;0;
;急行;UK91;乾建草梁;站;GK-Sáuliaŋ;くさやな;HRI;1;5;;10.500;2.000;;;;;;;;;0;
;急行;UD09;弥榮海月台;站;MY-Háitýkr-dai;うみづきがだい;HRI;1;5;;-14.000;0.000;;;;;;;;;0;
;急行;UT08;弥榮;站;Mi'yeŋ;やさか;KI;0;;;2.000;-5.000;;;;;;;;;0;
;急行;UD07;弥榮網島;站;MY-Máŋtáu;あみじま;HRI;1;5;;-12.000;2.000;;;;;;;;;0;
;急行;UT16;旭山六里坪;站;HŞ-Liúklír-beŋ;りゆくりつぼ;HRI;1;5;;0.000;-5.000;;;;;;;;;0;
;各停;UT24;旭山区庁;站;HŞ-Chuþeŋ;"あさひやま<font face=""Tahoma"">°</font>く<font face=""Tahoma"">°</font>てい゚";HRI;0;5;;0.000;-5.000;;;;;;;;;0;
;急行;US96;北関椿集;站;PK-Þrunxǝv;つばきち;HKRI;1;5;;11.500;4.000;;;;;;;;;0;
;急行;US98;北関玉城;站;PK-Ŋiókjeŋ;たまぎ;HKRI;1;5;;8.500;4.500;;;;;;;;;0;
;急行;US01;北関五里店;站;PK-Ŋólír-tém;こ゚りがてむ;HRI;1;5;;6.000;5.000;;;;;;;;;0;
;急行;US04;北関朝瀾;站;PK-Tølan;あさなみ;HKRI;1;5;;6.000;5.000;;;;;;;;;0;
;急行;US12;安涇本通;站;AK-Pónþoŋ;やすみぞぽんどをり;HRI;0;5;;-8.000;-5.000;;;;;;;;;0;
;急行;US90;西関;站;Sekwran;せくらん;KI;0;;;-7.000;-2.000;;;;;;;;;0;
;各停;UT78;紫竹松風台;站;ZT-Soŋfuŋŕ-dai;まつかぜがだい;HRI;1;5;;4.000;-5.000;;;;;;;;;0;
;急行;US85;入船扇町;站;ÑJ-Şénmet;あうぎまち;HRI;1;5;;11.000;2.000;;;;;;;;;0;
;急行;US82;入船;站;Ñívjyen;いりふね;KI;0;;;-7.000;-2.000;;;;;;;;;0;
;急行;US80;入船中川;站;ÑJ-Truŋşyen;なかがわ;HRI;1;5;;11.000;2.000;;;;;;;;;0;
;急行;US78;入船月見岡;站;ÑJ-Týkkénr-kaŋ;つきみをか;HRI;1;5;;-13.000;0.000;;;;;;;;;0;
;急行;US71;細沙平濱;站;SŞ-Beŋpiñ;ひらわま;HRI;1;;;11.000;1.500;;;;;;;;;0;
;急行;UT93;西関估衣市;站;SK-Kó'i'rti;こいがち;HRI;1;5;;4.000;-5.000;;;;;;;;;0;
;急行;UT90;西関新街口;站;SK-Sǝnkraichó;"しぉんきらい<font face=""Tahoma"">°</font>こ";HRI;1;;;2.000;-5.000;;;;;;;;;0;
;急行;UT85;浦州競技場前;站;FS-Géŋgídraŋ-xen;げい゚ぎぢらう゚ぜん;HRI;0;5;;4.000;-5.000;;;;;;;;;0;
;各停;UT80;紫竹林;站;Zǝ́trúklim;す゚おつるくりむ;KI;0;;;0.000;5.500;;;;;;;;;0;
;各停;UT88;紫竹觀音;站;ZT-Kwan'im;し゚ぉつるくくゎんいむ;HRI;0;5;;3.000;-5.000;;;;;;;;;0;
;各停;WT70;函関;站;Qamkwran;はこぜき;HRI;0;;;-3.500;5.000;;;;;;;;;0;
;各停;UT28;碧連杉澤;站;PL-Şramdrak;すぎざわ;HRI;1;5;;11.500;0.000;;;;;;;;;0;
;各停;UT33;碧連大和通;站;PL-Dáiwar-þoŋ;やまとどをり;HRI;1;5;;12.500;0.000;;;;;;;;;0;
;各停;UT34;碧連彩溪公園;站;PL-Sáiche-koŋ'yen;"さい<font face=""Tahoma"">°</font>けこう゚ゑん";HRI;1;5;;14.000;0.000;;;;;;;;;0;
;急行;XC27;江東新居;站;KT-Sǝnkǝ;にゐゐ;HRI;1;5;;8.000;4.500;;;;;;;;;0;
;快速;XC28;旭山成和;站;HŞ-Jeŋ'wa;なるわ;HKRI;1;5;;9.500;5.000;;;;;;;;;0;
;各停;XC31;滴原八郷;站;TŊ-Prálhiaŋ;やざと;HRI;1;5;;-2.000;5.000;;;;;;;;;0;
;各停;XC32;滴原鮎川;驛;TŊ-Nemşyen;あゆがわ;HRI;1;5;;0.000;5.000;;;90.000;;;;;;0;
;各停;XC34;慈雲三坊;站;Xǝ'yøn-sam-vaŋ;じぉえうんさむわ゙う゚;HRI;0;5;香港慈雲山;-6.000;5.000;;;;;;;;;0;
;急行;UT04;弥榮柳塘;站;MY-Liúdaŋ;やんぎどて;HRI;1;5;;-8.000;-3.500;4.000;6.000;;;;;;;0;
;各停;UK96N;北関;站;Pǝ́kkwran;ぽおっくらん;KI;0;;;-1.500;5.500;;;;;;;;;0;
;各停;WT53;端原錦町;站;TŊ-Kímmet;にしきまち;HRI;1;5;;6.000;-5.000;;;;;;;;;0;
;各停;WT55;函城千本;站;QJ-Senpón;せんぽん;HRI;1;5;;6.000;-5.000;;;;;;;;;0;
;各停;H442;冶城納屋町;站;IJ-Náv'wókr-met;なやまち;HRI;1;5;名古屋市納屋橋;-13.500;-0.500;;;;;;;;;0;4
;各停;H443;銥山田原;站;IŞ-Daŋyen;たわら;HRI;1;5;;-12.500;0.000;;;;;;;;;0;4
;各停;H446;端原和田濱;站;IŞ-Wadapiñ;わだわま;HRI;1;5;神戸市和田岬;-13.500;2.000;;;;;;;;;0;4
;各停;H448;端原港町;站;TŊ-Krǝ́ŋmet;みなとまち;HRI;1;5;;1.000;-5.000;;;;;;;;;0;4
;各停;H453;淺川葉村;站;SŞ-Iévson;はむら;HRI;1;5;;-11.500;2.000;;;;;;;;;0;4
;急行;H457;淺川夢島;站;SŞ-Múŋtáu (USILA);ゆめじま;HRI;1;;;-14.500;0.000;;;;;;;;;0;3
;各停;H458;知里燕来;站;TL-Énlai;えんら゚い;HKRI;1;5;;-13.500;2.000;;;;;;;;;0;4
;各停;H468;岬西向津;站;KS-Hiáŋzǝn;むかいづ;HKRI;1;5;;-14.000;2.000;;;;;;;;;0;4
;各停;H472;岬西三里台;站;KS-Samlír-dai;さむりがだい;HRI;1;5;;-11.000;5.000;;;;;;;;;0;4
;快速;H438;冶城西;站;Iájeŋ-se;ねりぎにし;HWI;0;;湖北省大冶市;-8.500;2.000;;;;;;;;;0;4
;各停;WT39;銥山塘口;站;IŞ-Daŋchó;どてぐち;HKRI;1;5;;13.000;0.000;;;;;;;;;0;
;各停;WT41;銥山三才;站;IŞ-Samxai;さむざい;HKRI;1;5;;13.000;0.000;;;;;;;;;0;
;各停;WT44;銥山楓涇;站;IŞ-Fuŋkeŋ;かえでみぞ;HKRI;1;5;;14.500;0.000;;;;;;;;;0;
;急行;WT47;端原祇園;站;TŊ-Gi'yen;ぎぃゑん;HRI;1;5;;11.000;0.000;;;;;;;;;0;
10601;快速;WT35;稲舟;站;Dáuciu;いなふね;KI;0;;;-8.000;2.000;;;;;;;;;0;
;快速;WT32;長津八幡;站;DZ-Prálfan;ながつぴらるはん;HRI;0;;;-12.000;2.000;;;;;;;;;0;
;快速;FD27;伊田北;站;Ida-pǝ́k;いだきた;HNI;0;;;-3.000;-4.500;;;;;;;;;0;4
;快速;W45;犬迎橋;站;Chyénŋeŋr-gø;いぬむかえばし;HRI;0;;;10.000;-4.000;;;;;;;;;0;
;快速;W60;基線中央;站;Kisén-truŋ'iaŋ;きせんちるう゚やう゚;HRI;0;;;-11.500;2.000;;;;;;;;;0;
;各停;W75;深溝社林;站;ŞK-Jiálim;じやりむ;HRI;1;5;;-10.500;3.500;;;;;;;;;0;
;快速;W80;秋葉磷苷;站;SI-Liñkam;りんかむ;HRI;1;;;-10.500;3.500;;;;;;;;;0;
;各停;W85;秋葉亀屋;站;SI-Kywók;かめや;HRI;1;5;;-10.500;3.500;;;;;;;;;0;
;快速;H406;海安櫻川;站;HA-Ǝŋşyen;さくらがわ;HRI;1;5;;-11.500;2.000;;;;;;;;;0;4
;快速;H408;海安芳田;站;HA-Faŋda;よしだ;HRI;1;;;-11.500;2.000;;;;;;;;;0;4
;各停;W06;海安網戸;站;HA-Máŋqó;あみど;HRI;1;5;;6.000;-4.500;;;;;;;;;0;
;快速;W28;西原田澤;站;Seŋyen-Dadrak;にしわらだざわ;HR-KI;0;;;11.500;0.000;-11.500;0.000;;;;;;;0;
;各停;W08;海安成津;站;HA-Jeŋzǝn;なりづ;HRI;1;5;;4.000;-5.000;;;;;;;;;0;
;各停;W15;漣陰興福寺;站;LI-Hiǝŋfúkr-xǝ́;"<font face=""Tahoma"">°</font>よぉう゚ふくがじぉ";HRI;1;5;;4.000;-5.000;;;;;;;;;0;
;各停;XC40;莱野甲辰村;站;LI-Krávjiñr-son;きのえたつむら;HRI;1;;;0.000;5.000;;;;;;;;;0;
;各停;XC47;芝蘭淺津;站;CL-Sénzǝn;あさづ;HRI;1;5;;0.000;5.000;;;;;;;;;0;
;快速;XE52;芝蘭羊角浦;站;CL-Iaŋkrǝ́kr-fó;やう゚きるくがうら;HRI;1;5;;0.000;5.000;0.000;5.500;;;;;;;0;
;快速;XE53;櫻涇;站;Ǝŋkeŋ;さくらみぞ;HKRI;0;;;0.000;5.000;;;;;;;;;0;
;快速;XE58;鹿苑;站;Lók'yén;しかぞの;HKRI;0;;;11.000;3.000;;;;;;;;;0;
;快速;XE67;潭城霞山;站;DJ-Raşran;かすみやま;HRI;1;5;;5.000;5.000;;;;;;;;;0;
;快速;XE68;九里向浦;站;KL-Hiáŋfó;むかいうら;HRI;1;5;;7.000;-5.000;;;;;;;;;0;
;各停;H452;端原氷川町;站;TŊ-Piǝŋşyenŕ-met;ひかわまち;HRI;1;5;;-13.000;2.000;;;;;;;;;0;4
;各停;L17;安涇平水;站;AK-Beŋşý;ひらみづ;HRI;1;5;;10.000;2.000;;;;;;;;;0;
;各停;H477;"坤順<font face=""Microsoft YaHei"">吲哚</font>";站;CJ-Íñtwá;インドール;HR-KI;1;5;;-5.000;-4.000;7.000;4.000;;;;;;;0;4
;各停;UK33;青洲西;站;Seŋsu-se;あをすにし;HWI;0;5;;7.000;5.000;;;;;;;;;0;
;各停;UK34;伊知;站;Itr;いちる;HKRI;0;;;9.500;2.000;;;;;;;;;0;
;各停;X49;芝蘭平和島;站;CL-Beŋ'waŕ-táu;べい゚わがしま;HRI;1;5;;11.000;3.000;;;;;;;;;0;
;各停;X46;榮川朝厳寺;站;Døŋemŕ-xǝ́;でうけ゚むるじぉ;HRI;1;;;11.000;3.000;;;;;;;;;0;
;各停;X36;青急柏原;站;Seŋkív-Prákŋyen;せい゚きゔかしわばら;HRI;0;;;9.000;4.500;;;;;;;;;0;
;各停;X41;渟河鮨橋;站;DG-Cígø;すしばし;HR-KI;1;5;;-8.000;1.000;8.000;2.000;;;;;;;0;
;各停;X39;渟河中央;站;Deŋgap-truŋ'iaŋ;ぬがわつるう゚やう゚;HCI;0;5;;-11.000;0.000;;;;;;;;;0;
;各停;X38;渟河月津;站;DG-Týkzǝn;つきづ;HKRI;1;5;;7.500;5.000;;;;;;;;;0;
;各停;UM51;端原榮町;站;TŊ-Yeŋmet;さかえまち;HR-I;1;5;;-3.000;-4.000;-3.000;-9.000;;;;;;;0;
;各停;UM52;端原山手;站;TŊ-Şranşiú;やまのて;HR-I;1;5;;-1.000;-3.000;-1.000;-8.000;;;;;;;0;
;各停;UM53;端原鈴野;站;TŊ-Leŋ'iá;すずの;HR-I;1;5;;5.000;2.500;-1.000;-5.500;;;;;;;0;
;各停;UM54;端原理研;站;TŊ-Líŋen;はたわらりけ゚ん;HR-I;0;;;5.000;2.500;-1.000;-6.000;;;;;;;0;
;各停;UM49;端原濱町;站;TŊ-Piñmet;はままち;HR-I;1;5;;0.000;-3.000;0.000;-8.000;;;;;;;0;
;各停;UM48;端原築地;站;TŊ-Trúkdí;つきぢ;HRI;1;5;;-8.000;6.000;;;;;;;;;0;
;各停;UM47;端原市庁;站;TŊ-Jíþeŋ;"じ<font face=""Tahoma"">°</font>てい゚";HRI;1;5;;-8.500;5.500;;;;;;;;;0;
;各停;UM46;端原埠頭;站;TŊ-Vúdo;はたわらゔど;HRI;0;;;-7.500;-4.500;;;;;;;;;0;
;各停;HA30A;第一客運楼;站;T1;;R;0;;;-5.000;5.000;;;;;;;;;0;
;各停;HA30B;第二客運楼;站;T2;;R;0;;;-4.000;1.000;;;;;;;;;0;
;急行;HA22;浦州大学;站;FS-Dáirǝk;うらすだいるおく;HR-I;0;;;5.000;-2.500;7.000;5.000;;;;;;;0;3
;各停;H544;轟坂;站;Hwrǝŋfán;とどろきざか;HRI;0;;;9.500;0.000;;;;;;;;;0;5
;急行;H550;千林;站;Senlim;ちばやし;HRI;0;;;-9.000;1.500;;;;;;;;;0;4
;各停;UX49;晴海元町;站;FM-Motómet;もとまち;HRI;1;5;;10.500;5.000;;;;;;;;;0;
;各停;UX48;晴海鍛冶町;站;FM-Kejímet;かじまち;HRI;1;5;;12.000;3.000;;;;;;;;;0;
;各停;UX47;晴海天理教前;站;FM-Þenlíkráu-xen;"<font face=""Tahoma"">°</font>てんりきらうぜん";HRI;1;5;;13.500;3.000;;;;;;;;;0;
;各停;UX46;晴海海濱公園中;站;FM-Háipiñ-koŋ'yen-truŋ;"<font face=""Tahoma"">°</font>あいぴんこう゚ゑんなか";HRI;1;;;0.000;5.000;;;;;;;;;0;
;各停;UX51;晴海禅林寺;站;FM-Jenlimŕ-xǝ́;ぜんりむるじぉ;HRI;1;5;;-12.500;-0.500;;;;;;;;;0;
;各停;UX52;晴海成羽;站;FM-Nál'wa;なるわ;HRI;1;5;;-10.500;0.000;;;;;;;;;0;
;各停;UW72A;深溝新西道;站;ŞK-Sənsedáu;すおんせだう;HRI;1;5;;-13.500;0.000;;;;;;;;;0;
;各停;UH32N;莱野;站;Lai'iá;やぶの;KI;0;;;0.000;5.000;;;;;;;;;0;
;快急;UK03;江東鍛冶町;站;KT-Twán'iár-met;かじまち;HRI;1;5;;-12.500;2.000;;;;;;;;;0;
;急行;UK00N;江東上林町;站;KT-Jiáŋlimr-met;じゃう゚りむがまち;HRI;1;5;;-13.500;2.000;;;;;;;;;0;
;各停;XV53;次仁菱方;站;SÑ-Liǝŋfaŋ;ひしかた;HRI;1;;;2.000;5.000;;;;;;;;;0;
;各停;XV57;次仁日出町;站;SÑ-Mítşýlr-met;ひのでまち;HRI;1;;;11.500;-3.000;;;;;;;;;0;
;各停;XE72;螢潭;站;Yeŋdam;ほたるがダム;HR-KI;0;;;-10.000;3.500;7.000;-2.000;;;;;;;0;
;各停;XE85;隠珠山徑;站;Ǝ́nciu-şrankéŋ;おんし゚ゅしらんけい゚;HRI;0;;;-11.500;3.000;;;;;;;;;0;
;快速;UW80D;末盛石巻;站;MJ-Jekkyén;いしまき;HRI;1;5;;-13.000;4.000;;;;;;;;;0;
;各停;LP34;浦州競馬場前;站;FS-Géŋmrádraŋ-xen;げい゚みらぢらう゚ぜん;HRI;0;;;14.000;2.000;;;;;;;;;0;
;各停;N01;禾州青年;站;WS-Seŋnen;せい゚ねん;HRI;1;5;;0.000;-4.500;;;;;;;;;0;4
;各停;F98;興産門;站;Hiǝŋşránr-mon;ひぉう゚しらんるもん;HRI;0;5;;-2.000;6.000;;;;;;;;;0;4
1005;特急;IL07;桂川;驛;Kyéşyen;かつらがわ;KI;0;;;0.000;5.000;;;90.000;;;;;;0;
;急行;IL08;旅安門;站;Lǝ́'anr-mon;りぉあんるもん;HRI;0;5;;0.000;5.000;;;;;;;;;0;
;急行;IL11;芳浦青年;站;Faŋfó-Seŋnen;よしうらせい゚ねん;HRI;0;5;;0.000;-5.000;;;;;;;;;0;
;急行;IL12;攬江楼;站;Lámkrǝŋr-lo;らむきるう゚るろ;HRI;0;5;;0.000;5.000;;;;;;;;;0;
;各停;IA90;甘泉門;站;Kamxyenŕ-mon;かむじゑんるもん;HRI;0;5;;-6.000;-5.000;;;;;;;;;0;
;各停;IB22;鈴蘭橋;站;Leŋlanŕ-gø;すずら゚んがはし;HRI;0;5;神戸市鈴蘭台;0.000;5.000;;;;;;;;;0;
;各停;IB20;鈴蘭中山;站;Leŋlan-Truŋşran;すずらんつるう゚しらん;HRI;0;5;;0.000;5.000;;;;;;;;;0;
;各停;IJ93;清輝門;站;Seŋhyŕ-mon;"せい゚<font face=""Tahoma"">°</font>ゐるもん";HRI;0;5;;9.500;4.500;;;;;;;;;0;
;各停;IR83;廣通門;站;Kwáŋþoŋr-mon;"くゎう゚<font face=""Tahoma"">°</font>とう゚るもん";HRI;0;5;;11.000;0.000;;;;;;;;;0;
;各停;IR81;廣通建業;站;Kwáŋþoŋ-Kénŋév;"くゎう゚<font face=""Tahoma"">°</font>とう゚けんけ゚ゔ";HRI;0;5;;0.000;5.000;;;;;;;;;0;
;各停;IB23;鈴蘭東堀;站;Leŋlan-Toŋgøl;すずらんひんがしぼり;HRI;0;5;;0.000;-5.000;;;;;;;;;0;
;各停;IR32;電視塔;站;Dénjír-þáv;でんじる°たゔ;HRI;0;5;;0.000;5.000;;;;;;;;;0;
;各停;ID40;蓮台中山;站;Lendai-Truŋşran;れんだいつるう゚しらん;HRI;0;5;;0.000;5.000;;;;;;;;;0;
1011;各停;IR78;開遠門;站;Chai'yénr-mon;"<font face=""Tahoma"">°</font>かいゑんるもん";HRI;0;5;西安市開遠門;-2.000;5.000;;;;;;;;;0;
;各停;F99;国立博物館;站;National Museum;くぉくりゔぱくゔをりくゎん;HRI;0;5;;6.000;6.000;;;;;;;;;0;4
;急行;IL09;蘅香泊;站;Raŋhiaŋŕ-bak;"らう゚<font face=""Tahoma"">°</font>やう゚がとまり";HRI;0;5;;0.000;-5.000;;;;;;;;;0;
;各停;IB19;鈴蘭維新;站;Leŋlan-Ysǝn;すずらんゐしぉん;HRI;0;5;;0.000;-5.000;;;;;;;;;0;
;各停;IR29;朱雀医大;站;Ciuzák-Idái;し゚ゅさ゚くいだい;HRI;0;5;;0.000;-5.000;;;;;;;;;0;
;各停;IW89;熙林豊洲;站;Hilim-Fuŋsu;"<font face=""Tahoma"">°</font>いりむとよす";HRI;0;5;;0.000;7.000;;;;;;;;;0;
;各停;IR79;豊穰壇;站;Fuŋñiáŋr-dan;とよしげがだん;HRI;0;5;;0.000;-5.000;;;;;;;;;0;
;各停;N02;禾州跨越;站;WS-Chó'yél;"<font face=""Tahoma"">°</font>こゑり";HRI;1;5;;0.000;6.000;;;;;;;;;0;4
;各停;ID91;含光門;站;Qamkwaŋŕ-mon;あ゙むくゎう゚るもん;HRI;0;5;;6.000;-5.000;;;;;;;;;0;
;各停;IK71;北大路建業;站;Pǝ́kdáiló-Kénŋév;きたをぢけんけ゚ゔ;HRI;0;5;;0.000;5.000;;;;;;;;;0;
;各停;IW69;豊洲門;站;Fuŋsuŕ-mon;とよすがもん;HRI;0;5;;-10.000;0.000;;;;;;;;;0;
;各停;IJ87;熙林復興;站;Hilim-Vukhiǝŋ;"<font face=""Tahoma"">°</font>いりむゔく<font face=""Tahoma"">°</font>よぉう゚";HRI;0;5;;-11.500;4.500;;;;;;;;;0;
;各停;IR77;開遠復興;站;Chai'yén-Vukhiǝŋ;"<font face=""Tahoma"">°</font>かいゑんゔく<font face=""Tahoma"">°</font>よぉう゚";HRI;0;5;;-11.500;0.000;;;;;;;;;0;
;各停;IR28;月見西堀;站;Týkkén-Segøl;つきみにしぼり;HRI;0;5;;0.000;5.000;;;;;;;;;0;
;各停;ID37;蓮台復興;站;Lendai-Vukhiǝŋ;"れんだいゔく<font face=""Tahoma"">°</font>よぉう゚";HRI;0;5;;0.000;-5.000;;;;;;;;;0;
;各停;ID39;獲鹿池;站;Wrǝklúkr-dr;とるしかがいけ;HRI;0;5;;0.000;-5.000;;;;;;;;;0;
;各停;ID38;蓮台大学;站;Lendai-Dáirǝk;れんだいだいろぉく;HRI;0;5;;0.000;5.000;;;;;;;;;0;
;各停;IR82;東大寺;站;Toŋdáixǝ́;とう゚だいずお;HRI;0;5;京都市東寺;0.000;-5.000;;;;;;;;;0;
;各停;IK72;北大路榮光;站;Pǝ́kdáiló-Yeŋkwaŋ;ぽおくだいろゑい゚くわう゚;HRI;0;5;;0.000;-5.000;;;;;;;;;0;
;各停;IB21;慈恩塔;站;Xǝ'onŕ-þáv;"じぉをんる<font face=""Tahoma"">°</font>たゔ";HRI;0;5;西安市大雁塔;0.000;-5.000;;;;;;;;;0;
;各停;IB16;鈴蘭西大街;站;Leŋlan-Sedáikrai;すずらんにしをぢ;HRI;0;5;;-2.000;5.000;;;;;;;;;0;
;各停;IR27;板橋結;站;Prángør-kél;いたばしがむすび;HRI;0;5;;0.000;-5.000;;;;;;;;;0;
;各停;PD42;芙蓉橋;站;Vu'ioŋŕ-gø;ゔよう゚がはし;HRI;0;5;;0.000;5.000;;;;;;;;;0;4
;各停;IK73;清陵橋;站;Seŋliǝŋŕ-gø;せい゚りよう゚がはし;HRI;0;5;;0.000;5.000;;;;;;;;;0;
;各停;PT51;鳳栖南;站;Vúŋse-nam;ゔう゚せみなみ;HSI;0;5;;0.000;-5.000;;;;;;;;;0;4
;各停;PT52;芙蓉南大路跨越;站;VI-Namdáiló-Chó'yél;"みなみをぢ<font face=""Tahoma"">°</font>こゑり";HRI;1;5;;0.000;5.000;;;;;;;;;0;4
;各停;I00A;承天門;站;Jiǝŋþenŕ-mon;"じぉう゚<font face=""Tahoma"">°</font>てんるもん";HRI;0;5;;-10.500;4.500;;;;;;;;;0;
;急行;US88;西関劉志軍坊;站;SK-Liu-Cíkøn-vaŋ;りうし゚けうんわ゙う゚;HRI;1;5;;14.000;2.000;;;;;;;;;0;
;急行;PG46;福原袋町;站;FŊ-Dáimet;ふくろまち;HRI;1;5;;-3.000;5.000;;;;;;;;;0;3
;各停;LB26;月見共和;站;Týkkén-Gióŋ'wa;つきみぎょう゚わ;HRI;0;5;;-11.500;2.000;;;;;;;;;0;
;各停;PL34;芙蓉順安;站;VI-Jýñ'an;のりやす;HRI;1;5;;11.000;2.000;;;;;;;;;0;4
1007;各停;PL44;芙蓉;站;Vu'ioŋ;ゔよう゚;KI;0;;;6.000;5.000;;;;;;;;;0;3
;各停;PD55;中操西口;站;Truŋsau-sechó;つるう゚さうにしぐち;HRI;0;5;;-11.500;0.000;;;;;;;;;0;4
;快速;IL22;"壬生<font face=""Microsoft YaHei"">凼</font>池";站;ÑŞ-Támdr;ためいけ;HKRI;1;5;;4.000;5.000;;;;;;;;;0;
1004;各停;G96;扶風;站;Vufuŋ;ゔふう゚;KI;0;;;-7.000;1.000;;;;;;;;;0;4
;各停;G76;嵯峨向山;站;XŊ-Hiáŋşran;むかうやま;HRI;1;5;;-10.500;0.000;;;;;;;;;0;4
;各停;G66;嵯峨茶園;站;XŊ-Dra'yen;ぢらゑん;HRI;1;5;;-10.500;0.000;;;;;;;;;0;4
1002;各停;A205;馮翊;站;Biǝŋ'iǝ́k;びおう゚よおく;KI;0;5;;10.500;2.000;;;;;;;;;0;4
1010;各停;A185;春日;站;Şyññíl;かすが;KI;0;;奈良市春日野;6.000;0.000;;;;;;;;;0;3
;各停;IJ88;熙林門;站;Hilimŕ-mon;"<font face=""Tahoma"">°</font>いりむるもん";HRI;0;5;;-9.000;4.500;;;;;;;;;0;
;各停;IJ92;嘉禾大学;站;Krawa-Dáirǝk;きらわだいろぉく;HRI;0;5;;6.000;7.000;;;;;;;;;0;
;各停;N03;(富国門);站;(Fúkwǝ́kr-mon);(ふくぉくるもん);HR;0;5;;1.000;6.500;1.000;6.500;;;;;;;1;
;各停;I00E;朱雀門;站;Ciuzákr-mon;し゚ゅさ゚くるもん;HRI;0;5;;0.000;5.000;;;;;;;;;0;
;各停;F85;布施;站;Póşe;ぽせ;HR-KI;0;;;-4.500;-3.000;5.000;5.000;;;;;;;0;4
;各停;F96;扶風帯月;站;VF-Táitýk;おびづき;HR-KI;1;5;;-7.000;-0.500;7.000;5.000;;;;;;;0;4
;快速;N07;鉄道博物館;站;Þéldáu-pákmǿlkwán;"<font face=""Tahoma"">°</font>てりだうぱくもりくわん";HRI;0;5;;-6.000;6.500;;;;;;;;;0;3
;各停;L79;鳳来青衣街北;站;VL-Seŋ'iŕ-krai-pǝ́k;あをごろもがきらいきた;HRI;1;5;;12.500;3.000;;;;;;;;;0;
;各停;N05;馮翊富田;站;BI-Fúda;とむだ;HRI;1;5;;0.000;6.000;;;;;;;;;0;4
1801;急行;IL25;唐橋;站;Daŋgø;からばし;KI;0;;;8.000;3.000;;;;;;;;;0;
1803;急行;IL20;壬生川;站;Ñimşeŋşyen;にぶがわ;KI;0;;;2.000;5.000;;;;;;;;;0;
;快速;IL24;唐橋引接寺;站;DG-Ínzévr-xǝ́;いんせ゚ゔるじ;HRI;1;5;;9.000;5.000;;;;;;;;;0;
;快速;IL18;壬生青山;站;ÑŞ-Seŋşran;あをやま;HRI;1;5;;2.000;5.000;;;;;;;;;0;
;各停;PT78;濼安啓明坊;站;LA-Chémeŋr-vaŋ;°けめい゚わ゙う゚;HRI;1;5;;11.500;-3.000;;;;;;;;;0;4
;各停;PT82;鳳来内灘;站;VL-Náiþan;うちなだ;HRI;1;5;;4.000;-5.000;;;;;;;;;0;4
;各停;L81;鳳来倭館;站;VL-Wakwán;わくゎん;HRI;1;5;;6.000;5.000;;;;;;;;;0;
;各停;L83;鳳来長田;站;VL-Draŋda;ながだ;HRI;1;5;;10.500;0.000;;;;;;;;;0;
;各停;L90;西洲;站;Sesu;せす;HR-KI;0;;;4.500;3.500;-5.000;-3.000;;;;;;;0;
;各停;PT88;石堤麟足;站;JT-Liñzók;りんそ゚く;HRI;1;5;;0.000;5.000;;;;;;;;;0;4
;各停;PT91;八里岡;站;Prállír-kaŋ;ぴらるりがおか;HRI;0;;;0.000;5.000;;;;;;;;;0;4
;各停;L77;楡溪星潭;站;UC-Seŋdam;ほしいけ;HR-KI;1;5;;8.000;3.000;-10.000;-3.000;;;;;;;0;
;各停;IN83;レゴラ゚ンド前;站;Lególando-xen;レゴラ゚ンドまゑ;HRI;0;5;;14.000;0.000;;;;;;;;;0;
1203;各停;LB90;湘澤;站;Saŋdrak;さう゚ざわ;KI;0;;;7.000;4.000;;;;;;;;;0;
;各停;L76;竹西坪石;站;Beŋjek;つぼいし;HR-KI;1;;;-7.500;0.000;7.500;2.000;;;;;;;0;
;各停;L73;白沙茗荷;站;BŞ-Meŋqa;めい゚あ゙;HRI;1;;;-10.000;0.000;;;;;;;;;0;
;各停;L72;白沙芦辺;站;BŞ-Lopen;あしぺ;HRI;1;;;-10.000;0.000;;;;;;;;;0;
;各停;L71;柳岸八幡;站;LŊ-Prálfan;やなぎぎしぴらるはん;HRI;0;;;-10.000;0.000;;;;;;;;;0;
;各停;L68;柳岸須和;站;LŊ-Suwa;すわ;HRI;1;;;-9.500;0.500;;;;;;;;;0;
11503;各停;L65;新渡;站;Sǝndó;にゐわたし;KI;0;;;-9.000;0.000;;;;;;;;;0;
;各停;LB73;平野莎蘭;站;BI-Swalan;すわらん;HRI;1;;;9.000;4.000;;;;;;;;;0;
;各停;LB77;平野紫窗;站;BI-Zǝ́şrǝŋ;しまど;HRI;1;;;-11.000;1.500;;;;;;;;;0;
;各停;LB78;長沼;站;Draŋçǿ;ながぬま;HRI;0;;;-9.000;1.500;;;;;;;;;0;
;各停;LB88;柯枝;站;Kaci;かし゚;HRI;0;;;8.000;4.000;;;;;;;;;0;
;各停;XB85;山辺柳甸;站;ŞP-Liúdén;やんぎばた;HKRI;1;5;;-10.000;-4.500;;;;;;;;;0;
;各停;IN91;山辺市集;站;ŞP-Tixǝv;ちずぉゔ;HRI;1;5;;4.500;-5.500;;;;;;;;;0;
;各停;IN02;超計算中心;站;Supercomputing<p>Center;"<font face=""Tahoma"">°</font>てうけすわんつるう゚すぉむ";HRI;0;;;0.000;11.000;;;;;;;;;0;
;各停;IN92;山辺見晴;站;ŞP-Kénxeŋ;みわらし;HRI;1;5;;0.000;5.000;;;;;;;;;0;
;快速;X92;櫻山大学;站;Ǝŋşran-Dáirǝk;さくらやまだいるぉく;HRI;0;;;-10.500;-3.500;;;;;;;;;0;
;各停;IN86;黎曼桐花台;站;RM-Doŋhwraŕ-dai;きりわながだい;HRI;1;5;;13.000;0.000;;;;;;;;;0;
;各停;IN87;渤海大学;站;Bolhái-Dáirǝk;"ぼる<font face=""Tahoma"">°</font>あいだいるぉく";HRI;0;;;-9.500;5.000;;;;;;;;;0;
;快速;X91;山辺紫芝;站;ŞP-Zǝ́ci;す゚ぉしば;HRI;1;5;;-11.500;0.000;;;;;;;;;0;
;快速;X93;雨池離宮;站;UD-Likiuŋ;りきゅう゚;HRI;1;;;8.500;4.000;;;;;;;;;0;
;各停;IN82;鳳来恒河路中;站;VL-Qǝŋqaŕ-ló-truŋ;お゙う゚あ゙るろなか;HRI;1;5;;15.000;1.000;;;;;;;;;0;
;各停;IN81;鳳来二中前;站;VL-Ñítruŋ-xen;につるう゚ぜん;HRI;1;5;;13.000;1.000;;;;;;;;;0;
;快速;WX42;冶城青葉;站;IJ-Seŋ'iév;あをば;HRI;1;5;;0.000;-5.000;;;;;;;;;0;
;快速;WX47;藤原;站;Dǝŋŋyen;ふじわら;HRI;0;;;2.000;5.000;;;;;;;;;0;
;各停;IN04;蝶城摘星台;站;DJ-Trákseŋr-dai;ちらくせい゚るだい;HRI;1;5;;0.000;-5.000;;;;;;;;;0;
;快速;HY85;秋葉製糸場前;站;SI-Césǝdraŋ-xen;せ゚すぉぢらう゚ぜん;HRI;1;5;富岡市製糸場;13.500;0.000;;;;;;;;;0;4
;快速;HY55;蓮照寺;站;Lençǿr-xǝ́;れんせ゚うるずぉ;HRI;0;;;-11.000;2.000;;;;;;;;;0;4
10602;快速;FD35;鳶山北;站;Yenşran-pǝ́k;とんびやまきた;HNI;0;;;-2.000;-5.000;;;;;;;;;0;3
;快速;X97;雨池椒花浦;站;UD-Zøhwraŕ-fó;"せ゚う<font face=""Tahoma"">°</font>うらがうら";HRI;1;;;10.000;4.000;;;;;;;;;0;
6;急行;IN10;菱池中央;站;Liǝŋdr-Truŋ'iaŋ;ひしいけつるう゚やう゚;HCI;0;;;-2.500;-5.000;;;;;;;;;0;
;急行;IN79;鳳来十字街;站;VL-Jivxǝ́rkrai;じゔずぉるきらい;HRI;1;5;;5.500;-6.500;;;;;;;;;0;
;急行;IN76;濼安市庁;站;LA-Jíþeŋ;"じ<font face=""Tahoma"">°</font>てい゚";HRI;1;5;;5.000;-6.000;;;;;;;;;0;
;急行;IN78;濼安平和橋;站;LA-Beŋ'waŕ-gø;べい゚わがはし;HRI;1;5;;9.000;-5.000;;;;;;;;;0;
6;急行;IN12;菱池沙堤;站;LD-Şrate;すなづつみ;HRI;1;5;;2.500;-5.000;;;;;;;;;0;
;各停;IN06;蝶城清泉橋;站;DJ-Seŋxyenŕ-gø;きよいづみがはし;HRI;1;5;;9.000;-5.000;;;;;;;;;0;
;各停;IN07;冬青;站;Toŋseŋ;もちのき;HKRI;0;;;-10.500;3.500;;;;;;;;;0;
;快速;X88;石蘭;站;Jeklan;ぜきら゚ん;HR-KI;0;;;-8.500;2.000;4.500;3.500;;;;;;;0;
;快速;X89;山辺牛込;站;ŞP-Ŋiuñív;うしごめ;HRI;1;5;;7.500;5.000;;;;;;;;;0;
;快速;X82;散野經山;站;SI-Keŋşran;けい゚しらん;HR-KI;1;;;-9.000;-1.000;9.000;1.000;;;;;;;0;
1404;快速;X78;針原口;站;Cimŋyen-chó;はりわらぐち;HR-KI;0;;;-10.000;0.000;9.000;0.000;;;;;;;0;
;快速;X72;黄雀檸川温泉;站;WZ-Neŋşyen-Wonxyen;ねい゚がわをんじゑん;HRI;1;;;-14.000;1.500;-10.000;1.500;;;;;;;0;
;快速;X63;楠木村;站;Nammókr-son;くすのきむら;HR-KI;0;;;-10.500;0.000;11.500;0.000;;;;;;;0;
;快速;X51;芝蘭板橋;站;CL-Prángø;いたばし;HKRI;1;5;;15.000;0.000;;;;;;;;;0;
;快速;X52;若藤;站;Ñiákdǝŋ;わかふぢ;HKRI;0;;;11.000;3.000;-8.000;-2.000;;;;;;;0;
;快速;X56;平沼三方;站;BÇ-Samfaŋ;みかた;HKRI;1;;;-12.000;-3.000;-10.500;-2.000;;;;;;;0;
;快速;X61;青急田澤;站;Seŋkív-Dadrak;せい゚きゔだざわ;HR-KI;0;;;-12.000;-1.000;11.000;1.000;;;;;;;0;
;快速;X59;平沼鶴尾;站;BÇ-Qakmí;つるを;HR-KI;1;;;-6.500;-1.000;8.000;1.000;;;;;;;0;
;快速;FR35;柯西本町;站;CC-Pónmet;ぽんまち;HRI;0;5;;-5.000;5.000;11.300;-3.500;;;;;;;0;3
116;急行;YS60;桑田;站;Saŋda;くわだ;KI;0;;;5.000;-4.000;;;;;;;;;0;
;快速;L47;福原本通;站;FŊ-Pónþoŋ;ぽんどり;HRI;0;;;-11.000;2.000;;;;;;;;;0;
;各停;LP48;福原新街口;站;FŊ-Sǝnkraichó;"すぉんきらい<font face=""Tahoma"">°</font>こ";HRI;1;5;;-12.000;5.000;;;;;;;;;0;
;各停;L53;緑浦楓橋;站;LF-Fuŋgø;かゑでばし;HR-KI;1;5;;-10.000;0.000;8.000;2.000;;;;;;;0;
;各停;LP44;安戸秋津台;站;AQ-Suzǝnŕ-dai;あきづがだい;HR-KI;1;;;-10.500;0.000;11.500;0.000;;;;;;;0;
;各停;PG51;福原汐水坊;站;FŊ-Xekşýr-vaŋ;しをがわがわ゙う゚;HRI;1;5;;-2.000;5.000;;;;;;;;;0;4
;各停;PG43;汀洲傳馬町;站;ÞS-Dyenmrár-met;ぢゑんみらるまち;HRI;1;5;;-1.000;5.000;;;;;;;;;0;4
;各停;PG53;結山蓬莱町;站;KŞ-Boŋlaiŕ-met;ぼう゚ら゚いがまち;HRI;1;5;;-9.000;5.000;;;;;;;;;0;4
;各停;PG54;六日柳橋;站;LÑ-Liúgø;やなぎがはし;HRI;1;5;;-9.000;5.000;;;;;;;;;0;4
;急行;PG57;六日桐川;站;LÑ-Doŋşyen;きりがわ;HRI;1;;;0.000;5.000;;;;;;;;;0;4
;各停;LP42;濼電納山;站;Lákdén-Návşran;ら゚くでんをさめやま;HR-KI;0;;;-15.000;1.000;12.000;0.000;;;;;;;0;
;各停;YS65;黄雀常普請村;站;WZ-Jiaŋfóséŋ-son;じゃう゚ほせい゚むら;HRI;1;5;;1.000;5.500;;;;;;;;;0;
;各停;YS68;黄雀榮町;站;WZ-Yeŋmet;さかえまち;HRI;1;5;;1.000;5.500;;;;;;;;;0;
;各停;L46;福原瓦町;站;FŊ-Ŋwrámet;かわらまち;HRI;1;5;;-11.000;2.000;;;;;;;;;0;
;各停;LP49;福原派水坊;站;FŊ-Fráişýr-vaŋ;ひらいがわがわ゙う゚;HRI;1;5;;12.500;2.500;;;;;;;;;0;
;各停;L57;緑浦志木島;站;LF-Címókr-táu;しきじま;HR-KI;1;5;;-7.500;1.000;9.500;2.000;;;;;;;0;
;各停;L56;緑浦燕澤;站;LF-Éndrak;つばめざわ;HR-KI;1;5;;-9.500;1.000;7.500;2.000;;;;;;;0;
;各停;L62;河原千歳;站;GŊ-Sensyé;ちとせ;HR-KI;1;5;;-6.500;1.000;7.500;2.000;;;;;;;0;
;各停;L61;河原豊潤道東;站;GŊ-Fuŋñýñ-dáutoŋ;とよますみちひんがし;HR-KI;1;5;;-16.500;1.000;11.000;2.000;;;;;;;0;
;各停;L62;河原烏山緑地;站;GŊ-Oşran-liókdí;からすやまりよくぢ;HR-KI;1;5;;-15.000;1.000;10.000;2.000;;;;;;;0;
;各停;L44;中泉隣田;站;TX-Liñda;となりだ;HR-KI;1;5;;-8.000;1.000;5.000;5.500;;;;;;;0;
;各停;E06;鹽州中井;站;ŞS-Nákai;なかい;HRI;1;5;済南市中井庄;-1.500;-5.000;;;;;;;;;0;
;各停;E07;鹽州下井;站;ŞS-Şímǝi;しもい;HRI;1;5;済南市下井庄;0.000;-5.000;;;;;;;;;0;
;各停;L41;蜻蛉緑地;站;ZL-Liókdí;せい゚れい゚りよくぢ;HR-KI;0;5;;-13.000;0.000;8.000;2.000;;;;;;;0;
;各停;L37;澤田玉函橋;站;DD-Ŋiókqamr-gø;たまばこがはし;HR-KI;1;5;;-11.500;1.000;10.500;2.000;;;;;;;0;
;各停;L38;蜻蛉原間;站;ZL-Ŋyenkran;はらま;HR-KI;1;5;;-6.500;1.000;8.000;2.000;;;;;;;0;
;各停;L33;澤田夏野;站;DD-Rá'iá;なつの;HR-KI;1;5;;-6.500;1.000;7.500;2.000;;;;;;;0;
;各停;L32;"<font face=""Microsoft YaHei"">砼</font>城新町";站;DJ-Sǝnmet;すおんまち;HR-KI;0;5;;-9.000;1.000;7.500;2.000;;;;;;;0;
;各停;L22;"<span style=""font-size:6.5pt""><font face=""Microsoft YaHei"">砼</font>城</span>藤島";站;DJ-Dǝŋtáu;ふぢしま;HR-KI;0;5;;-8.000;1.000;8.000;2.000;;;;;;;0;
;各停;L18;安涇若塵;站;AK-Ñiákdrn;わかちり;HR-KI;1;5;;-7.000;-1.000;7.500;2.000;;;;;;;0;
11103;快速;FR30;辻橋;站;Jivgø;つじばし;KI;0;;;-8.000;2.000;;;;;;;;;0;3
90005;各停;XE90;苔溪;站;Køkédeñ;こけだに;KI;0;;;2.500;-4.500;;;;;;;;;0;
;各停;XE98;鹽州秋江町;驛;ŞS-Ek'ié-ga-met;あきえがまち;HRI;1;5;;-12.000;4.500;;;-69.282;;;;;;0;
;快急;H605;鹽州榮町;站;ŞS-Sakái-ga-met;さかえがまち;HRI;1;;;14.000;0.000;;;;;;;;;0;3
;快急;H607;鹽州曙町;站;ŞS-Ekebón-met;あけぼんまち;HRI;1;;;11.000;2.000;;;;;;;;;0;3
;各停;H605N;鹽州丸伊那;站;ŞS-Márina;まりな;HRI;1;;;13.500;2.500;;;;;;;;;0;
;快速;FG01;豊浦桐壺;站;FF-Doŋqo;きりつぼ;HRI;1;5;;2.000;5.000;;;;;;;;;0;4
;急行;FG02;豊浦東川;站;FF-Toŋşyen;ひんがしがわ;HRI;1;5;;2.500;5.000;;;;;;;;;0;4
;各停;E24;硫浦綾彁;站;IW-É'iaka;あやか;HRI;1;;;10.500;1.000;;;;;;;;;0;
;各停;F08;清江上塘;站;SK-Éşdaŋ;かみどて;HR-KI;1;5;;-8.500;1.000;8.500;2.000;;;;;;;0;4
;各停;F13;太和莱津;站;ÞW-Laizǝn;やぶづ;HR-KI;1;5;;-7.000;2.000;8.500;2.000;;;;;;;0;4
;各停;F22;太和武庫北;站;ÞW-Vúchó-pǝ́k;"ゔ<font face=""Tahoma"">°</font>こきた";HR-KI;1;5;;-9.000;2.000;10.000;4.000;;;;;;;0;4
;各停;F23;通津神谷町;站;ÞZ-Jiñkókr-met;かみやがまち;HR-KI;1;5;;-10.500;1.000;9.500;4.000;;;;;;;0;4
;各停;F27;通津布衣町;站;ÞZ-Pó'ir-met;ぽいがまち;HR-KI;1;5;;-9.000;1.000;9.500;4.000;;;;;;;0;4
;各停;F28;水口義和坊;站;ŞC-Ŋí'war-vaŋ;き゚わるわ゙う゚;HR-KI;1;5;;-9.000;1.000;9.500;4.000;;;;;;;0;4
;各停;F32;水口赤闌橋;站;ŞC-Şéklanr-gø;せきら゚んがはし;HR-KI;1;5;合肥市赤闌橋;-12.000;1.000;9.500;4.000;;;;;;;0;4
;各停;F33;新堤長良坊;站;ST-Draŋlaŕ-vaŋ;ながらがわ゙う゚;HR-KI;1;5;長良川;-10.500;1.000;9.500;4.000;;;;;;;0;4
;各停;F37;新堤笹原;站;ST-Sásŋyen;ささわら;HR-KI;1;5;;-7.500;1.000;8.000;4.000;;;;;;;0;4
;各停;F41;汀洲瑞穂;站;ÞS-Jýxú;みづほ;HR-KI;1;5;;-7.000;1.000;6.500;3.000;;;;;;;0;4
;各停;F42;汀洲成和;站;ÞS-Jeŋ'wa;なるわ;HR-KI;1;5;;-7.000;1.000;8.000;3.000;;;;;;;0;3
;各停;F44;水街愛林;站;ŞK-Áilim;あいばやし;HR-KI;1;5;;-9.000;1.000;8.000;3.000;;;;;;;0;4
;各停;F47;水街天山坊;站;ŞK-Þenşranŕ-vaŋ;"<font face=""Tahoma"">°</font>てんしらんルわ゙う゚";HR-KI;1;5;;-13.000;-0.500;9.500;3.000;;;;;;;0;4
;各停;F48;灌口春岡;站;KC-Şyñkaŋ;はるをか;HR-KI;1;5;;-7.500;1.000;8.000;3.000;;;;;;;0;4
;各停;F51;灌口櫻町;站;KC-Rǝŋmet;さくらまち;HR-KI;1;5;;9.500;4.000;-10.000;0.000;;;;;;;0;4
;各停;F52;灌口厚風;站;KC-Qófuŋ;あつかぜ;HR-KI;1;5;;9.500;2.000;-9.000;0.000;;;;;;;0;4
;快速;FD85;小杉;站;Sǿşram;こすぎ;HKRI;0;;;-10.500;-3.500;;;;;;;;;0;4
10702;快速;FD55;芝田;站;Cida;しばだ;KI;0;;;1.000;6.000;;;;;;;;;0;3
10702;快速;WD65;芝田上水;站;CD-Jiáŋşý;しばたじゃう゚しゐ;HRI;0;;;-12.500;2.000;;;;;;;;;0;
10702;快速;WD73;蝶野相生;站;DI-Saŋşeŋ;あいおい;HR-KI;1;;;7.500;2.000;-7.500;2.500;;;;;;;0;
10702;快速;WD77;柳涇公園;站;LK-Koŋ'yen;やんぎみぞこう゚ゑん;HRI;0;;;12.500;2.000;;;;;;;;;0;
10702;快速;WD82;柳涇南;站;Liúkeŋ-nam;やんぎみぞみなみ;HSI;0;;;-7.000;4.000;;;;;;;;;0;
10702;快速;WD85;常磐台;站;Jiaŋbanŕ-dai;じゃう゚ばんるだい;HRI;0;;;-10.000;5.000;;;;;;;;;0;
;快速;WD88;清江桐山台;站;SK-Doŋşranŕ-dai;きりやまがだい;HRI;1;;;-13.000;2.000;;;;;;;;;0;
;快速;HY40;漸陽;站;Zem'iaŋ;せ゚むやう゚;HR-KI;0;;地形;-8.000;2.000;7.000;-2.000;;;;;;;0;4
11101;快速;FR33;須呉村;站;Suŋoŕ-son;すこ゚むら;HRI;0;5;;-11.500;2.500;11.000;-3.500;;;;;;;0;4
;各停;LP37;柯西柚木原;站;CC-Iúmókr-ŋyen;ゆのきわら;HKRI;1;;;16.000;2.000;;;;;;;;;0;
11101;快速;FR23;"<font face=""Microsoft YaHei"">砼</font>城南";站;Doŋjeŋ-nam;どう゚ぎみなみ;HSI;0;;;-4.000;-5.000;;;;;;;;;0;4
;快速;FR44;芝蘭北;站;Cilan-pǝ́k;し゚ら゚んきた;HNI;0;;;-8.000;1.500;;;;;;;;;0;4
;快速;HY25;葛野新黄道;站;KI-Sən'waŋdaú;すおんわう゚だう;HR-KI;1;;;-11.500;2.000;11.500;0.000;;;;;;;0;4
;快速;WD55;西原板橋;站;Seŋyen-Prángø;にしわらいたばし;HR-KI;0;;;13.500;0.000;-11.500;0.000;;;;;;;0;
;各停;E11;"散江<font face=""Microsoft YaHei"">羥胺</font>";站;TI-Chiáŋ'án;°やう゚あん;HRI;1;5;;9.000;5.000;;;;;;;;;0;
;快速;WD35;西原新田;站;Seŋyen-Sǝnda;にしわらすおんだ;HR-KI;0;;;13.500;0.000;-10.500;0.000;;;;;;;0;
;急行;P22;月溪;站;Týkche;つきだに;HR-KI;0;;;7.000;0.000;-6.000;0.000;;;;;;;0;4
;各停;X42;渟河日砂村;站;DG-Mítşrar-son;みっす゚なむら;HR-KI;1;5;;-10.500;1.000;11.000;2.000;;;;;;;0;
;快速;GK57;高軒邑;站;Kauhenŕ-ív;たかやがいゔ;HRI;0;5;;-4.000;5.000;;;;;;;;;0;3
9;快急;GK62;永安西;站;Yéŋ'an-se;ながやすにし;HWI;0;;;9.500;1.000;;;;;;;;;0;3
;快速;GK59;高軒伊波;站;KH-Ipa;いなみ;HRI;1;5;;-10.000;4.000;;;;;;;;;0;4
;各停;G58;高軒石蒜村;站;KH-Jekswánr-son;ぜきすわんるそん;HRI;1;;;-12.000;1.000;;;;;;;;;0;4
;各停;WA01;豊浦京町;站;FF-Keŋmet;けい゚まち;HR-I;1;5;;-2.500;-2.500;-7.500;4.500;;;;;;;0;
;各停;WA02;豊浦中河;站;FF-Truŋgap;なかがわ;HR-I;1;5;;4.500;0.000;-6.500;3.000;;;;;;;0;
;各停;WA03;海安市場;站;HA-Tidraŋ;いちば;HR-I;1;5;;-4.000;-2.000;3.000;4.500;;;;;;;0;
;各停;WA04;海安元町;站;HA-Ŋyenmet;もとまち;HR-I;1;5;;-6.000;-2.500;-11.000;13.500;;;;;;;0;
;各停;W00;豊浦;站;Fuŋfó;とようら;KI;0;2;;-9.000;2.000;;;;;;;;;1;
;各停;WA05;海安平川一坊;站;HA-Beŋşyen-lŕ-vaŋ;ひらかわりるわ゙う゚;HRI;1;5;;-10.500;4.500;;;;;;;;;0;
;各停;WA06;海安平川三坊;站;HA-Beŋşyen-sam-vaŋ;ひらがわさむわ゙う゚;HRI;1;5;;-14.500;0.000;;;;;;;;;0;
;各停;WA07;豊浦柳堤;站;FF-Liúte;やんぎづつみ;HRI;1;5;;-11.000;2.000;;;;;;;;;0;
;各停;WA08;豊浦松江;站;FF-Soŋkrəŋ;そう゚きるう゚;HRI;1;5;松江府;-11.500;2.000;;;;;;;;;0;
;各停;WA09;豊浦霸家台;站;FF-Prákradai;はかた;HRI;1;5;博多港;-12.000;2.000;;;;;;;;;0;
;各停;WA10;豊浦繁昌街;站;FF-Vanşiaŋŕ-krai;わ゙んしゃう゚ルきらい;HR-I;1;5;;-2.500;-2.500;-2.500;-7.500;;;;;;;0;
;各停;WA11;豊浦北園;站;FF-Pǝ́k'yen;きたぞの;HR-I;1;5;済南市北園大街;-2.000;-2.500;-3.000;5.000;;;;;;;0;
;各停;WB01;豊浦平林;站;FF-Beŋlim;ひらばやし;HR-I;1;5;;-1.000;-2.500;2.000;4.500;;;;;;;0;
;各停;WB02;豊浦竹原;站;FF-Trúkŋyen;たけわら;HR-I;1;5;;-1.000;-2.500;6.500;3.000;;;;;;;0;
;各停;WB03;豊浦田根西;站;FF-Dakon-se;たねにし;HWI;1;5;;1.000;-4.500;8.500;4.000;;;;;;;0;
;各停;WB05;豊浦田根;站;FF-Dakon;たね;HRI;1;5;;10.500;2.000;;;;;;;;;0;
;各停;WB04;豊浦鶴尾;站;FF-Qakmí;つるを;HRI;1;5;;10.500;2.000;;;;;;;;;0;
;各停;WB06;豊浦蓮池五坊;站;FF-Lendr-ŋó-vaŋ;はすいけこ゚わ゙う゚;HRI;1;5;;13.500;2.000;;;;;;;;;0;
;各停;WC11;豊浦東山;站;FF-Toŋşran;ひんがしやま;HRI;1;5;;10.500;2.000;;;;;;;;;0;
;各停;WB08;豊浦雁道東;站;FF-Ŋrándáu-toŋ;き゚らんだうひがし;HEI;1;5;;-2.500;-4.500;;;;;;;;;0;
;各停;WB09;豊浦雁道;站;FF-Ŋrándáu;き゚らんだう;HR-I;1;5;;1.000;-2.500;2.500;4.000;;;;;;;0;
;各停;WB10;豊浦望山;站;FF-Váŋşran;わ゙う゚しらん;HR-I;1;5;;-1.000;-2.500;-1.000;-7.500;;;;;;;0;
;各停;WB07;豊浦蓮池;站;FF-Lendr;はすいけ;HR-I;1;5;;0.000;-2.500;0.000;-7.500;;;;;;;0;
;各停;WC12;豊浦新屋熊;站;FF-Sǝn'wók'iuŋ;にゐやぐま;HRI;1;5;;-3.000;-5.000;;;;;;;;;0;
;各停;IB18;忘筌園;站;Vaŋxyenŕ-yen;わ゙う゚じゑんるゑん;HRI;0;5;;0.000;5.000;;;;;;;;;0;
;快速;PJ95;砧原馨川;站;TŊ-Heŋşyen;かがわ;HKRI;1;;;-12.000;2.000;;;;;;;;;0;4
;快速;PJ92;石井環四;站;JZ-Wran'iøn;うらんよに;HRI;1;;;-11.000;2.000;;;;;;;;;0;4
;快速;PJ80;石井金澤;站;JZ-Kimdrak;かなざわ;HRI;1;5;;-11.000;2.000;;;;;;;;;0;4
;各停;PL94;芳筑;站;Faŋtrúk;よしづき;HKRI;0;;;11.000;-1.000;6.500;1.000;;;;;;;0;3
;各停;PL96;砧原早閖;站;TŊ-Záu'ýl;さゆり;HKRI;1;;;12.000;2.000;;;;;;;;;0;4
;各停;PL84;碧塘池東;站;PD-Drtoŋ;ぢるとう゚;HKRI;1;;;-13.000;0.000;;;;;;;;;0;4
80102;急行;Q40;横塘;站;Iokódøte;よこどて;KI;0;;;-7.000;4.500;;;;1918 湖陰本線堤口帆柄間開業に際して;;;;;0;
;急行;FG20;葛野南;站;Kál'iá-nam;かるのみなみ;HSI;0;;;4.500;-4.000;;;;;;;;;0;4
;急行;WL16;葛野向塘;站;KI-Hiáŋdaŋ;むかいどて;HRI;1;;南昌市向塘;-9.000;-2.500;;;;;;;;;0;
;急行;WL18;日枝原;站;Mítker-ŋyen;みつけがはら;HRI;0;;;-3.000;-5.500;;;;;;;;;0;
;急行;WL19;漣陰紙坊;站;LI-Cívaŋ;し゚わ゙う゚;HRI;1;5;;10.000;3.500;;;;;;;;;0;
;快速;FG30;杜若溪;站;Dóñiákr-che;どにやくざわ;HR-KI;0;;;-1.000;5.500;1.000;-5.000;;;;;;;0;4
;快速;FG45;蓮池霜橋;站;LD-Şiaŋgø;しもばし;HR-KI;1;;;-1.000;5.500;1.000;-5.000;;;;;;;0;4
107;快速;WD62;稲葉南;站;Dáu'iév-nam;いなばみなみ;HSI;0;;;-9.000;5.000;;;;;;;;;0;
;快速;FG60;新月;站;Sǝntýk;みかづき;HKRI;0;;;-5.000;5.500;1.000;-5.000;;;;;;;0;4
;各停;FG80;淺井櫻川;站;SZ-Ǝŋşyen;さくらがわ;HRI;1;;;8.500;-4.000;;;;;;;;;0;4
;各停;FG90;日和町;站;Mít'war-met;ひよりまち;HRI;0;;;-11.500;3.000;;;;;;;;;0;4
;快速;Q48;櫻井茜野;站;SI-Akeñéno;あかねの;HRI;1;5;;-9.000;4.500;;;;1918 湖陰本線堤口帆柄間開業に際して;;;;;0;
;快速;Q42;横塘千船;站;ID-Tíbyñe;ちぶね;HRI;1;5;;-9.000;4.500;;;;"1972";;;;;0;
;快速;Q35;横塘田子の浦;站;ID-Tagónowra;たごのうら;HRI;1;5;駿河州田子の浦;-4.000;5.500;;;;1918 湖陰本線堤口帆柄間開業に際して;;;;;0;
;快速;Q52;櫻井美濃町;站;SI-Minó-ga-met;みのがまち;HRI;1;5;;7.000;5.000;;;;1918 湖陰本線堤口帆柄間開業に際して;;;;;0;
;各停;N98;源州通庸橋;站;MS-Míttyñe-beş;みちつねはし;HRI;1;5;;8.000;-5.000;;;;;;;;;0;4
;快速;QT68;凪和妙見山;站;NW-Mǿkénr-şran;めうけんるしらん;HRI;1;5;名古屋市昭和区妙見町;5.000;-5.000;;;;;;;;;0;
;急行;Q95;源州瑞穗;站;MS-Mílfo;みづほ;HRI;1;5;;-10.000;-1.500;;;;;;;;;0;
;急行;QS92;堤口五嶺前;站;DG-Ŋóléŋ-ma'ye;こ゚れい゚まゑ;HRI;1;5;東京都三越前;8.500;5.000;;;;;;;;;0;
;快速;Q28;帆柄西;站;Fógra-se;ほがらにし;HWI;0;;;-1.000;5.000;;;;;;;;;0;
;急行;Q05;今切湖陰道南;站;ŊS-Qo'imŕ-dáu-nam;を゙いむがみちみなみ;HRI;1;5;地形;14.500;-0.500;;;;;;;;;0;
;各停;N102;源州興亜街中;站;MS-Hiǝŋ'ár-krai-truŋ;°よおう゚らるきらいつるう゚;HRI;1;5;;14.000;-4.000;;;;;;;;;0;4
80203;快速;QU75;宇津木;站;Útgi;うつぎ;KI;0;;;6.000;0.000;;;;;;;;;0;
;快速;QT85;珊橋超然台;站;TB-Þøñenŕ-dai;°てうねんるだい;HRI;1;5;;-5.000;5.000;;;;;;;;;0;
;各停;N94;柳花新店;站;LH-Sǝntém;すおんてむ;HRI;1;5;;9.000;-3.000;;;;;;;;;0;4
;各停;N91;"丹堰<font face=""Microsoft YaHei"">茚</font>原";站;ÑX-Íñ'wra;いんわら;HRI;1;5;;8.000;-3.000;;;;;;;;;0;4
;各停;N91;丹堰蕪島;站;ÑX-Mutáu;かぶしま;HR-KI;1;;;2.000;-5.000;-7.000;4.000;;;;;;;0;4
;快速;N72;末多江;站;Máltakrǝŋ;またえ;HR-KI;0;;;4.500;-4.500;5.000;5.000;;;;;;;0;4
;急行;QE35;夏草越;站;Nátgusa-køie;なつぐさこえ;KI;0;;;-10.000;0.000;;;;;;;;;0;
;急行;QE30;朽木;站;Kýtgi;くちぎ;HKRI;0;;高島市朽木村;10.500;0.000;;;;;;;;;0;
;急行;QE32;柴澤;驛;Şibáswa;しばさわ;HKRI;0;;千頭村柴沢;-12.000;0.000;;;31.625;;;;;;0;
;急行;QE25;滴水峡;站;Tékşý'r-rav;てきしゐるらゔ;HRI;0;;;11.000;2.000;;;;;;;;;0;
;急行;QE47;金町愛宕温泉;站;KM-Átago-Wonxyen;あたごをんじゑん;HRI;1;;東京都愛宕山;-14.000;3.000;;;;;;;;;0;
;快速;QE45;八留和;站;Iár'wa;やるわ;HKRI;0;;;-10.500;-2.000;;;;;;;;;0;
;快速;QE43;隆山五里店;站;TI-Ŋólír-tém;こ゚りるてむ;HKRI;1;;;15.000;4.000;;;;;;;;;0;
;快速;QN36;小沼新田;站;KN-Ñyda;こぬまにゐだ;HR-KI;0;;;10.000;1.500;-7.500;1.500;;;;;;;0;
;快速;QN31;帆柄洲綿;站;FG-Swáta;すわた;HKRI;1;5;;-11.500;4.000;;;;;;;;;0;
;快速;QN33;平温;站;Práat;ぴらあつ;HKRI;0;;;-11.000;1.500;;;;;;;;;0;
;各停;QA44;金町稲荷;站;KM-Íñel;かなまちいなり;HRI;0;;;-11.500;2.000;;;;;;;;;0;
;各停;QA43;金町秩田;站;KM-Drlda;ぢるりだ;HRI;1;;;-11.000;2.000;;;;;;;;;0;
;各停;QA46;金町中切;站;KM-Nakágil;なかぎり;HRI;1;5;春日井市中切;-11.000;2.000;;;;;;;;;0;
;各停;EX99;鹽州西驛;站;ŞS-Ñíş'iék;にしえき;HWI;1;5;"Westbf, Wien";-8.500;4.000;;;;;;;;;0;
;快速;E02;鹽州十字街;站;ŞS-Jivxǝ́r-krai;じゔずおるきらい;HRI;1;5;;11.500;-4.000;;;;;;;;;0;
;快速;NV05;秩琳山;站;Drlimr-chrám;ぢるりむる°きらむ;HRI;0;;;10.000;2.500;;;;;;;;;0;4
;各停;E09;散江相生山;站;TI-Ai'ǝ́i'iama;あいおいやま;HRI;1;5;名古屋市相生山;-1.000;5.000;;;;;;;;;0;
;;FQ42;遥汐(信);信号場;Yøxek;はるじを;HRI;0;;;8.000;3.500;;;;;;;;;0;
;各停;E13;散江秋葉山;站;TI-Ekbá'iama;あきばやま;HRI;1;;浜松市秋葉山;11.000;5.000;;;;;;;;;0;
;急行;E15;三原;驛;Míwra;みわら;HKRI;0;;;9.500;3.000;;;37.088;;;;;;0;3
;快速;E15;三原;驛;Míwra;みわら;HKRI;0;2;;-6.000;-3.000;;;37.088;;;;;;1;
902;快速;E18;硫浦十字街;站;IW-Jivxǝ́r-krai;じゔずおるきらい;HRI;0;5;;0.000;6.500;;;;;;;;;0;
90201;快速;E22;硫浦川口町;驛;IW-Kawágyt-met;かわぐちまち;HRI;1;5;;0.000;-5.500;;;90.000;;;;;;0;
90201;快急;H623;硫浦川口;站;IW-Kawágyt;かわぐち;HRI;1;;;2.500;-5.000;;;90.000;;;;;;0;4
90102;快速;ED83;鴨居;驛;Kámǝi;かもい;KI;0;;横浜市鴨居;0.000;-5.000;;;78.281;;;;;;0;
903;快速;H640;越路;站;Kǿşdi;こしぢ;KI;0;1;;6.000;5.000;;;;;;;;;1;
905;急行;E60;圓山;驛;Mál'iama;まるやま;KI;0;;;7.500;0.000;;;-9.421;;;;;;0;
906;急行;E75;豊原;驛;Tø'iówra;とよわら;KI;0;;樺太庁豊原市;5.500;-2.500;;;-64.175;;;;;;0;
907;快速;;碧海;驛;Pékhái;"ぺき<font face=""Tahoma"">°</font>あい";KI;0;;;-9.000;2.500;;;;;;;;;0;
908;快急;H575;珠陽;驛;Ciu'iaŋ;し゚ゅやう゚;KI;0;;;0.500;6.000;;;78.500;;;;;;0;3
1601;急行;PY20;螺澗;驛;Lwakrán;つぶや;KI;0;;;0.000;6.000;;;-87.561;;;;;;0;4
1602;急行;PY40;遠山;驛;Yénşran;とをやま;KI;0;;飯田市遠山郷;0.000;6.000;;;86.321;;;;;;0;4
1603;各停;PD90;緹原;驛;Deŋyen;あかわら;KI;0;;;8.000;1.500;;;14.222;;;;;;0;3
1701;快速;PC35;安塔;驛;Anþáv;"あん<font face=""Tahoma"">°</font>たゔ";KI;0;;;1.000;6.000;;;83.320;;;;;;0;3
1702;快速;PC45;桃枝;驛;Dauke;ももえ;KI;0;;;1.000;6.000;;;79.426;;;;;;0;3
1705;快急;P35;上落合;站;Éşlákqav;かみをちあい;KI;0;;;5.000;-2.500;;;;;;;;;0;5
90202;快速;E27;航村;站;Eáson;えあそん;KI;0;;;-7.500;3.000;;;;;;;;;0;
90203;快急;H625;桂塘;驛;Katrádøte;かつらどて;KI;0;;;-2.000;-5.000;;;68.520;;;;;;0;3
90204;快急;P80;一宮;驛;Lŕguŋ;る゚ぐう゚;KI;0;;;-6.500;1.000;;;-6.104;;;;;;0;3
90205;快急;P70;銀山;驛;Ŋiñşran;き゚んしらん;KI;0;;;-9.500;2.000;;;-17.602;;;;;;0;3
90206;快急;P60;瀞峡;驛;Drórav;どろらゔ;KI;0;;;-8.000;3.000;;;-23.926;;;;;;0;3
90301;快急;H635;入江;驛;Íl'ie;いりえ;KI;0;;;-1.000;-5.000;;;74.028;;;;;;0;3
90302;快速;E35;伊勢山;站;Işéiama;いせやま;KI;0;;伊勢市;-8.000;3.000;;;;;;;;;0;
90303;快速;E33;浦森;驛;Wrámøl;うらもり;KI;0;;;-3.500;-4.000;;;47.473;;;;;;0;
90304;快急;H644;椴法華;驛;Todófokke;とどほっけ;KI;0;;;10.000;4.000;;;38.457;;;;;;0;3
90305;快速;;比治橋;驛;Pídŕbeş;ぴぢるばし;KI;0;;;-12.000;1.500;;;;;;;;;0;
90306;快速;PF60;深谷;驛;Fúkaia;ふかや;KI;0;;地形;-5.000;5.000;;;-54.840;;;;;;0;3
90401;急行;QE10;戸川;驛;Tógawa;とがわ;KI;0;;;6.500;1.000;;;12.329;;;;;;0;
90402;急行;QE20;燕島温泉;驛;TJ-Wonxyen;つばみじまをんずゑん;HRI;0;;青島市燕児島;12.000;2.000;;;26.890;;;;;;0;
90403;急行;E55;小原;驛;Óbra;おばら;KI;0;;;-7.000;3.000;;;-60.100;;;;;;0;
90404;各停;E58;杁涇;站;Ílmixo;いりみぞ;KI;0;;;-5.000;5.500;;;;;;;;;0;
90501;快速;EW63;清灘;驛;Şýmnada;すみなだ;KI;0;;;7.000;4.000;;;44.341;;;;;;0;
90502;快速;EW65;波瀬戸;驛;Fájeto;はぜと;KI;0;;;6.500;1.000;;;18.075;;;;;;0;
90503;快速;EW67;小津西;驛;Kodu-ñiş;こづにし;HWI;0;;;-7.000;5.000;;;-74.859;;;;;;0;
90504;快速;EW69;わたなべタウン;驛;Watánabe-Town;わたなべタウン;HR-I;0;;;-14.000;13.000;-14.000;8.000;27.713;;;;;;0;
90801;快速;H580;平泉;驛;Prá'idym;ぴらいづみ;KI;0;;;0.500;6.000;;;78.500;;;;;;0;3
90805;快速;H570;簗瀬;驛;Ianáje;やなぜ;KI;0;;;0.500;6.000;;;78.500;;;;;;0;3
90901;快急;H560;松原;驛;Mátbra;まつばら;KI;0;;;-0.500;-5.000;;;78.500;;;;;;0;2
90902;快急;HA45;美良;驛;Míla;みら゚;KI;0;;;0.500;-5.000;;;-82.897;;;;;;0;3
90903;快速;HA40;廻間;驛;Faxáma;はざま;KI;0;;;1.500;-5.000;;;-74.867;;;;;;0;3
90003;各停;ED95;仙川本町;站;SG-Pónmet;せんがわぽんまち;HRI;0;;;12.500;1.500;;;;;;;;;0;
;各停;ED92;陀城柏浦;站;DJ-Keş'wágawra;かしわがうら;HRI;1;5;;12.000;1.500;;;;;;;;;0;
;各停;ED91;陀城錦町;站;Ñişkígamet;にしきがまち;HRI;1;5;;11.000;0.500;;;;;;;;;0;
;各停;ED94;仙川觀音橋;站;SG-Kwanom-gá-feş;くわんのむがはし;HRI;1;5;金川県観音橋;13.000;1.500;;;;;;;;;0;
;各停;ED93;仙川三里坪;站;SG-Samlí-tubo;さむりつぼ;HRI;1;5;;13.000;1.500;;;;;;;;;0;
;快速;ED87;陀城八幡;驛;DJ-Fétman;だじろはちまん;HRI;0;;;0.000;5.500;;;-75.300;;;;;;0;
;各停;ED89;陀城海晏寺;站;DJ-Hái'ánr-xǝ́;°あいらんるずお;HRI;1;2;;11.000;-2.000;;;;;;;;;0;
;各停;ED88;陀城漸水町;站;DJ-Zemşý-ga-met;せ゚むしゐがまち;HRI;1;5;伊良島漸水;10.500;-5.000;;;;;;;;;0;
;快速;ED84;海道;驛;Ýmmit;うみみち;HRI;0;;福岡市海ノ中道;1.000;6.000;;;66.636;;;;;;0;
;快速;ED86;陀城潮見坂;站;DJ-Şiomíxaka;しをみざか;HRI;1;;;2.000;-5.000;;;;;;;;;0;
;快急;H630;月見坂;站;Tykmíxaka;つきみざか;HRI;0;;;-2.000;-5.000;;;;;;;;;0;4
;各停;EC89;陀城住吉公園;站;DJ-Súmøş-koŋ'yen;すみよしこう゚ゑん;HRI;1;5;;-2.000;-5.500;;;;;;;;;0;
90003;快速;H595;仙川;站;Sengawa;せんがわ;KI;0;;;-7.000;0.000;;;;;;;;;0;3
;快速;H588;馬岡;站;Umáoka;うまをか;HR-KI;0;;;-7.500;0.000;5.000;2.500;;;;;;;0;4
;貨物;H590;馬岡貨物;驛;UO-Cargo;うまおか°わゔをり;HRI;0;;;-10.000;-2.000;;;30.100;;;;;;0;
;各停;EC88;陀城初堰;驛;DJ-Fátjek;はつぜき;HRI;1;5;;0.000;5.500;;;80.908;;;;;;0;
;各停;EC87;笹原東田面;站;SW-Fiñgeş-Damén;ひんがしだめん;HRI;1;5;津島市越津町字東田面;-9.500;5.000;;;;;;;;;0;
;各停;E25;航村製鉄;站;ES-Céþél;せ゚°てり;HRI;0;;;-11.000;2.000;;;;;;;;;0;
;各停;E28;航村櫻山;站;KG-Sakwrá'iama;さくらやま;HRI;1;;;6.500;-5.000;;;;;;;;;0;
;快速;E29;嶺南由良;驛;Léŋnam-Iura;れい゚なむゆら;HRI;0;;宮津市丹後由良;-8.500;6.000;;;-63.077;;;;;;0;
;快速;E30;由良神宮;站;Iura-jiñguŋ;ゆらじんぐう゚;HRI;0;;宮津市丹後由良;-10.500;4.000;;;;;;;;;0;
;各停;E31;由良田穂間;站;Iura-Táfoma;たほま;HRI;1;;;9.000;4.000;;;;;;;;;0;
;各停;E32;浦森理研;站;WM-Líŋen;うらもりりけ゚ん;HRI;0;;;-2.500;-5.500;;;;;;;;;0;
;各停;E34;伊勢柏崎;站;IŞ-Keş'wágasek;かしわがさき;HRI;1;;;10.500;1.500;;;;;;;;;0;
;各停;E36;伊勢柳辺;站;IŞ-Iañéŋbe;やなぎべ;HRI;1;;;6.000;-5.500;;;;;;;;;0;
;各停;E37;入江初瀬;站;II-Fátce;はつせ;HRI;1;;桜井市初瀬;-10.000;3.500;;;;;;;;;0;
;快速;E38;入江海岸;驛;II-Háiŋán;いりえ°あいか゚ん;HRI;0;;;11.000;2.000;;;-13.130;;;;;;0;
;各停;E39;越路出平;站;KD-Deşpra;だしぴら;HRI;1;;;1.000;5.000;;;;;;;;;0;
903;快急;H640;越路;站;Kǿşdi;こしぢ;KI;0;;;6.000;5.000;;;;;;;;;0;3
;各停;E42;越路由比ヶ濱;站;KD-Iu'í-ga-fama;ゆいがはま;HRI;1;;鎌倉市由比ヶ浜;13.000;2.000;;;;;;;;;0;
;各停;E43;渉江;站;Watál'ie;わたるえ;HRI;0;;;8.000;2.000;;;;;;;;;0;
;快速;N77;青草ㇽ濱;站;Seŋsáur-piñ;せい゚さうるぴん;HRI;0;;;6.000;5.000;;;;;;;;;0;4
;急行;QE15;栃澤;站;Tǿtxwa;とちざわ;HKRI;0;;千頭村栃沢;11.500;1.000;;;10.443;;;;;;0;
;急行;QE12;戸川峪口;驛;TG-Téñgyt;たにぐち;HKRI;1;;;13.500;1.000;;;8.997;;;;;;0;
;快速;QE03;鵜泊矢波瀬;站;UD-Iawaşé;やわせ;HRI;1;5;;12.500;1.000;;;;;;;;;0;
;快速;QE05;戸川青楓浦;站;TG-Seŋfuŋ-gá-wra;せい゚ふう゚がうら;HRI;1;;瀏陽市青楓浦;13.000;1.000;;;;;;;;;0;
;各停;F77;濼安十河記念病院前;站;LA-Sogó-Kíném-Béŋ'yén-xen;とがわきねむべい゚ゑんぜん;HRI;1;5;;-16.000;-6.500;;;;;;;;;0;3
;各停;F82;若莱筑波町;站;ÑK-Trúkpar-met;つくばがまち;HR-KI;1;5;筑波山;-9.000;-0.500;9.500;4.000;;;;;;;0;4
;各停;F74;濼安田原;站;LA-Daŋyen;だわら;HR-KI;1;5;;-7.000;-0.500;6.000;5.500;;;;;;;0;4
;各停;F72;大泊菖蒲町;站;DB-Şiaŋboŕ-met;あやめまち;HR-KI;1;5;;-8.500;-0.500;9.500;4.000;;;;;;;0;4
;各停;F68;大泊穂積川;站;DB-Xúzékr-şyen;ほづみかわ;HR-KI;1;5;;-8.500;-0.500;9.500;4.000;;;;;;;0;4
;快速;F53;水分;驛;Şývøn;みづわけ;HKRI;0;;;12.000;2.000;-7.000;-0.500;24.114;;;;;;0;3
;貨物;F55;水分貨物;驛;ŞV-Cargo;みづわけ°わもり;HRI;0;;;11.500;2.000;;;22.580;;;;;;0;
;急行;F57;丹江;驛;Tankrǝŋ;にうえ;KI;0;;湖北省丹江口市;-6.000;-0.500;;;17.554;;;;;;0;3
;各停;F56;丹江笹見;站;TK-Sáskén;ささみ;HR-KI;1;5;;-6.000;-0.500;9.000;2.000;;;;;;;0;4
90304;快速;H644;椴法華;站;Todófokke;とどほっけ;KI;0;1;;10.000;4.000;;;38.457;;;;;;1;
;快速;E45;鵜泊初山;驛;UD-Fát'iama;はつやま;HRI;1;;北海道苫前郡初山別村;8.000;6.000;;;39.509;;;;;;0;
;快速;H648;鵜泊北野町;站;UD-Kitáno-met;きたのまち;HRI;1;;;-8.000;-5.000;;;;;;;;;0;4
;快急;H655;鵜泊新町;站;UD-Sǝnmet;うどまりすおんまち;HRI;0;;;6.500;-5.000;;;;;;;;;0;3
;快速;EW68;胎板;站;Faráita;はらいた;HKRI;0;;;-12.000;0.000;;;;;;;;;0;
90503;快速;EW66;小津東;站;Kodu-fiñgeş;こづひんがし;HEI;0;;;2.000;5.000;;;;;;;;;0;
;各停;EW64;討川;站;Ýtgawa;うちがわ;HR-KI;0;;;7.500;0.500;-6.500;0.500;;;;;;;0;
;各停;EW62;嶺南曽根浦;驛;Léŋnam-Soñégawra;れい゚なむそねがうら;HRI;0;;;14.000;1.500;;;24.800;;;;;;0;
905;快速;EW61;圓山中央;站;Mál'iama-Truŋ'iaŋ;まるやまつるう゚やう゚;HCI;0;;;-10.000;3.000;;;;;;;;;0;
90404;各停;E59;杁涇笹見;站;IM-Sásami;ささみ;HRI;1;;;9.000;-1.500;;;;;;;;;0;
;快急;P40;林阿;驛;Lim'a;はやしぐま;HKRI;0;;;-11.500;4.500;;;-28.221;;;;;;0;4
1602;急行;PY50;遠山温泉;驛;YŞ-Wonxyen;とをやまをんじゑん;HRI;0;;飯田市遠山郷;0.000;5.500;;;82.995;;;;;;0;2
;特急;PC60;函嶺温泉;驛;Qamléŋ-Wonxyen;あ゙むれい゚をんじゑん;HRI;0;;;12.000;2.000;;;23.484;;;;;;0;2
;急行;PY55;遠山猫瀧;驛;YŞ-Mrauşrǝŋ;ぬこがたき;HRI;1;;;-1.000;-5.500;;;79.034;;;;;;0;5
;急行;PC95;今切向山台;站;ŊS-Hiáŋşranr-dai;むかいやまだい;HRI;1;5;;-12.500;1.500;;;;;;;;;0;5
;;PC90;上歩危(信);信号場;Éşbóŋy;かみぼけ;HRI;0;;阿波州三好市大步危;-10.500;1.500;;;;;;;;;0;
;快速;H565;吠岡;站;Bái'oka;ばいをか;HR-KI;0;;;1.000;6.000;-1.000;-5.000;;;;;;;0;4
;快速;H573;珠陽芦花町;站;CI-Lohwramet;"ろ<font face=""Tahoma"">°</font>うらがまち";HR-KI;1;;;1.000;6.000;-1.000;-5.000;;;;;;;0;4
;快速;H578;香積寺;站;Hiaŋzékr-xǝ́;"<font face=""Tahoma"">°</font>やう゚せ゚きルずお";HR-KI;0;;;1.000;6.000;-1.000;-5.000;;;;;;;0;3
;快速;H583;笹原金橋;站;SW-Kanábeş;かなばし;HR-KI;1;;;7.500;3.500;-9.000;-4.000;;;;;;;0;4
;快速;HA41;廻間山涯;站;FM-Iamáŋrai;やまき゚らい;HR-KI;1;5;;0.500;-5.000;-0.500;6.000;;;;;;;0;4
;快速;HA43;美良品森;站;ML-Şinámøl;しなもり;HR-KI;1;5;;0.500;-5.000;-0.500;6.000;;;;;;;0;4
;快速;HA47;美良伊泉;站;ML-Ídym;いづみ;HR-KI;1;5;;0.500;-5.000;-0.500;5.500;;;;;;;0;4
;快速;HA48;晴海安積町;站;FM-Asaká-met;あさかまち;HR-KI;1;5;郡山市安積山;1.000;-4.000;-1.000;5.500;;;;;;;0;4
;快速;HA52;晴海錦町;站;FM-Ñişkímet;にしきまち;HR-KI;1;5;;1.000;-5.000;-0.500;5.500;;;;;;;0;4
;快速;HA54;松原日和;站;MB-Fi'iøl;ひより;HR-KI;1;5;;-5.000;-3.500;0.500;5.500;;;;;;;0;3
;;HA28Z;;加算片;[+1];;R;0;;;3.000;3.000;;;;;;;;;0;
;;HA35Z;;加算片;[+1];;R;0;;;5.000;-1.000;;;;;;;;;0;
;;HA28Z;;加算片;[+1];;R;0;;;3.000;-3.000;;;;;;;;;0;
;;H553Z;;加算片;[+1];;R;0;;;3.000;-3.000;;;;;;;;;0;
;;ED82Z;;加算片;[+2];;R;0;;;-1.000;-4.000;;;;;;;;;0;
;;XE75Z;;加算片;[+2];;R;0;;;3.000;-3.000;;;;;;;;;0;
;;H625Z;;加算片;[+1];;R;0;;;-1.000;-4.000;;;;;;;;;0;
;;H630Z;;加算片;[+1];;R;0;;;-1.000;-4.000;;;;;;;;;0;
;;EW65Z;;加算片;[+1];;R;0;;;4.000;2.000;;;;;;;;;0;
;;UK93Z;;加算片;[+1];;R;0;;;-4.500;1.000;;;;;;;;;0;
;;W30Z;;加算片;[+1];;R;0;;;-4.000;2.000;;;;;;;;;0;
;;H410Z;;加算片;[+1];;R;0;;;-5.000;0.500;;;;;;;;;0;
;;WJ20Z;;加算片;[+2];;R;0;;;5.000;0.500;;;;;;;;;0;
;;WJ15Z;;加算片;[+2];;R;0;;;0.000;-4.000;;;;;;;;;0;
;;WJ10Z;;加算片;[+1];;R;0;;;-5.000;0.000;;;;;;;;;0;
;;GF52Z;;加算片;[+8];;R;0;;;-5.000;0.000;;;;;;;;;0;
;;W30Z;;加算片;[+1];;R;0;;;0.000;3.500;;;;;;;;;0;
;;QE20Z;;加算片;[+1];;R;0;;;-4.000;-2.000;;;;;;;;;0;
;急行;PG70;野原;驛;Iáŋyen;のわら;HKRI;0;;;9.500;4.000;;;46.424;;;;;;0;5
;急行;PG75;新亭;驛;Sǝndeŋ;あづまや;HKRI;0;;;10.000;4.500;;;50.350;;;;;;0;4
;急行;PG85;羽根;驛;Úkon;はね;HKRI;0;;;8.500;3.000;;;29.196;;;;;;0;5
;急行;PG90;杜衡;驛;Dóraŋ;どらう゚;HKRI;0;;;10.000;2.500;;;29.276;;;;;;0;5
;急行;PG95;落合長芝;站;Draŋci;ながしば;HKRI;1;;;-13.500;1.500;;;-9.538;;;;;;0;5
;快速;PC55;嶺上;站;Léŋ'éş;みねのうゑ;HKRI;0;;;13.000;-1.000;7.000;-2.000;;;;;;;0;4
1702;快速;PC50;終南新田;驛;Ciuŋnam-Sǝnda;し゚ゆう゚なむすおんだ;HRI;0;;;11.500;3.000;;;24.812;;;;;;0;5
1701;快速;PC40;野猿橋;驛;Iá'yenr-gø;やゑんがはし;HR-KI;0;;;1.000;6.000;-1.000;-5.500;80.864;;;;;;0;4
;急行;PC62;函嶺稲荷;站;Qamléŋ-Dáuqá;あ゙むれい゚いなり;HRI;0;;;11.000;4.000;;;;;;;;;0;4
;急行;PC65;眼鏡橋;驛;Ŋránkéŋr-gø;めがねばし;HRI;0;;;9.000;5.000;;;78.800;;;;;;0;5
;急行;PC70;綾津山徑;驛;Liǝŋzǝn-şrankéŋ;あやづしらんけい゚;HRI;0;;;10.000;5.000;;;68.611;;;;;;0;5
;;PC75;別捺西(信);信号場;St-Bernard-W;ベルナールにし;HRI;0;;;8.000;4.500;;;;;;;;;0;
;;PC80;別捺東(信);信号場;St-Bernard-E;ベルナールひんがし;HRI;0;;;-9.000;-4.500;;;;;;;;;0;
;;PC65Z;;加算片;[+1];;R;0;;;1.000;3.000;;;;;;;;;0;
;;PC75Z;;加算片;[+3];;R;0;;;1.000;3.000;;;;;;;;;0;
;;PC85Z;;加算片;[+2];;R;0;;;-4.500;1.000;;;;;;;;;0;
;快速;PC33;石礫峡;驛;Jeklékr-rav;ぜきれきるらゔ;HRI;0;;;1.000;6.000;;;79.134;;;;;;0;5
;快速;PC30;終南坂上;驛;Ciuŋnam-Fán'éş;し゚ゆう゚なむさかうえ;HRI;0;;;11.000;-5.000;;;-71.346;;;;;;0;5
;;PC30Z;;加算片;[+1];;R;0;;;0.500;-3.000;;;;;;;;;0;
;快速;PC27;落合北;站;Lákqav-pǝ́k;をちあいきた;HNI;0;;;7.500;4.000;;;;;;;;;0;5
;急行;PY58;函嶺下町;站;Qamléŋ-Volmet;あ゙むれい゚しもまち;HRI;1;5;;-11.500;2.000;;;;;;;;;0;5
1602;急行;PY52;遠山温泉東;站;YŞ-Wonxyen-toŋ;をんじゑんひんがし;HEI;1;;飯田市遠山郷;4.000;4.500;;;;;;;;;0;4
1602;急行;PY53;遠山椿辻;驛;YŞ-Þwrnjiv;つばきつじ;HRI;1;;名古屋市椿町;-6.000;-5.000;;;57.954;;;;;;0;5
1602;快速;PY35;昇寒峡;驛;Şiǝŋqanŕ-rav;しおう゚あ゙んるらゔ;HRI;0;;;-2.000;5.500;;;-73.460;;;;;;0;5
1601;快速;PY25;石橋;驛;Jekgø;いしばし;HRI;0;;;-0.500;5.500;;;-84.232;;;;;;0;5
;快速;PY30;終南二俣;驛;Ciuŋnam-Ñíŋo;し゚ゆう゚なむふたまた;HRI;0;;;-0.500;5.500;;;-83.606;;;;;;0;5
;急行;N62;莱汀;站;Laiþeŋ;やぶなぎさ;HR-KI;0;;;3.500;-4.500;-3.000;5.500;;;;;;;0;5
;快速;N45;三枚橋;站;Sammaiŕ-gø;さむまいるげう;HR-KI;0;;;1.500;-5.000;-0.500;6.000;;;;;;;0;4
;快速;N35;金山;站;Kimşran;かなやま;HKRI;0;5;;0.000;5.000;0.000;6.000;;;;;;;0;4
;快速;N57;四里河;站;Iønlír-gap;よにりがわ;HR-KI;0;;;1.500;-5.000;-0.500;6.000;;;;;;;0;4
;;QE32Z;;加算片;[+1];;R;0;;;-4.000;-2.000;;;;;;;;;0;
;;PG75Z;;加算片;[+2];;R;0;;;-0.500;3.000;;;;;;;;;0;
;快急;P55;七里茶屋;站;Sǝ́llí-Dra'ia;すおるりぢらや;HKRI;0;;;18.000;0.000;;;;;;;;;0;5
;快急;P45;辻川;站;Jivşyen;つぢかわ;HKRI;0;;;11.500;0.000;;;;;;;;;0;5
;快急;P50;鹽嶺;驛;Şǿmñe;しをみね;HRI;0;;;-7.500;4.000;;;-50.600;;;;;;0;4
;;P60Z;;加算片;[+1];;R;0;;;-5.000;0.000;;;;;;;;;0;
;;P45Z;;加算片;[+1];;R;0;;;5.000;0.000;;;;;;;;;0;
;快速;T73;赤岩;站;Şékŋem;あかいわ;HKRI;0;;;-11.000;3.000;-5.000;3.000;;;;;;;0;5
;快速;T72;青川潭;站;Seŋşyenŕ-dam;あをかわダム;HR-KI;0;;;10.000;0.000;-7.000;3.000;;;;;;;0;5
90201;快急;P85;硫浦伊豆町;站;IW-Idúmet;いづまち;HRI;1;;;-11.000;-3.000;;;90.000;;;;;;0;4
;快速;T74;濼安雁蕩町;站;LA-Ŋrándáŋr-met;き゚らんだう゚るまち;HRI;1;5;;-11.500;3.000;6.000;5.500;;;;;;;0;4
;急行;N69;今切若松街東;站;ŊS-Ñiáksoŋr-krai-toŋ;わかまつきらいひんがし;HRI;1;5;;14.500;-4.500;;;;;;;;;0;4
;;PG68;採石(信);信号場;Sáijek;さいぜき;HRI;0;;;5.500;5.500;;;;;;;;;0;
;快速;H562;松原神庭;站;MB-Kámñiwa;かむにわ;HR-KI;1;5;;-1.000;-5.000;1.000;5.500;;;;;;;0;4
;各停;WN98;豊浦暁灯;站;FF-Hǿtǝŋ;あかり;HRI;1;5;;11.500;-2.500;;;;;;;;;0;
;各停;PD75;碧塘沃野;站;PD-Ók'iá;をくや;HKRI;1;;;12.000;-1.000;;;;;;;;;0;3
;各停;PD76;碧塘日和;驛;PD-Mít'wa;ひより;HR-KI;1;;;4.500;-4.000;-5.500;5.000;-40.680;;;;;;0;4
;各停;PD80;如鈴;站;Ñiǝleŋ;ゆきすず;HR-KI;0;;;7.000;-1.500;-4.000;4.500;;;;;;;0;5
;各停;PD85;仙方;驛;Senfaŋ;せんがた;HR-KI;0;;;4.000;-4.500;-4.000;4.500;-73.191;;;;;;0;5
;;PD80Z;;加算片;[+1];;R;0;;;-2.500;3.000;;;;;;;;;0;
;各停;PD87;緹原思良;站;DŊ-Sǝla;すおら;HKRI;1;;;-1.000;5.000;;;;;;;;;0;5
;;PD80Z;;加算片;[+2];;R;0;;;-2.500;3.000;;;;;;;;;0;
;各停;PD92;緹原三里橋;站;Samlír-gø;さむりがはし;HRI;1;;;12.500;1.500;;;;;;;;;0;5
;各停;PD95;青芝峪;站;Seŋciŕ-vøk;あをしばがたに;HRI;0;;;10.000;1.500;;;-1.802;;;;;;0;5
;各停;PD88;緹原常庭;站;DŊ-Jiaŋdeŋ;とこにわ;HKRI;1;;;2.000;-5.000;;;;;;;;;0;5
;各停;PD89;緹原晩浦;站;DŊ-Mánfó;ゆううら;HKRI;1;;;12.500;-2.000;;;;;;;;;0;5
9;急行;AL65;永安葛宇路;站;YA-Kál'úr-ló;かるうるろ゚;HRI;1;;;11.000;2.000;;;;;;;;;0;3
9;快速;AL64;永安玉置坊;站;YA-Ŋióktŕr-vaŋ;たまきがわ゙う゚;HRI;1;5;;11.000;3.000;;;;;;;;;0;4
700;特急;R505;硅州;驛;Fylipýdnasva;きゑす;KI;0;;;-6.500;3.500;;;17.500;;;;;;0;1
70001;快速;R511;飛魚;站;Plylána;ぷりいら゚な;KI;0;;「とびうお」号貨物列車;-9.000;4.500;;;17.700;;;;;;0;
70002;特急;S00;砂城;驛;Cachlaschásli;すなぎ;KI;0;;;-8.000;1.500;;;-24.084;;;;;;0;1
70003;各停;ST95;豆多;站;Dúfta;づうふた;KI;0;;;6.000;4.500;;;;;;;;;0;
70004;快速;V90;熊平;驛;Duixmacúli;づいずまくうり;KI;0;;安中市熊ノ平;-12.000;2.000;;;-12.228;;;;;;0;3
701;特急;R520;東莱;驛;Carvaláya;かるわ゙ら゚や;KI;0;;;8.500;-3.000;;;;;;;;;0;1
70101;急行;R525;依連;驛;Ylélia;いれりや;KI;0;;;7.000;-3.000;;;;;;;;;0;
703;快速;RC80;安東;驛;Carvýsta;かるゐ゙すた;KI;0;;;-2.500;5.500;;;-81.839;;;;;;0;
70301;快速;RC70;鮮魚;驛;Selána;せら゚な;KI;0;;近鉄「鮮魚」号行商列車;-1.500;5.500;;;-76.804;;;;;;0;
70000;各停;SV05;硅州新開地;站;SI-Luifnapynýsta;る゚いふなぴいにいすた;I;1;5;;0.000;-4.500;;;;;;;;;0;
700;特急;R510;新硅州;驛;Luifna-Fylipýdnasva;すおんきゑす;HI;0;5;;-7.000;3.500;;;17.400;;;;;;1;1
700;各停;R510;新硅州;站;Luifna-Fylipýdnasva;すおんきゑす;HI;0;-1;;-7.000;3.500;;;-162.300;;;;;;1;
700;高速;R510;新硅州;驛;Luifna-Fylipýdnasva;すおんきゑす;HRI;0;;;-16.500;0.000;;;-162.600;;;;;;0;1
70001;快速;R515;新硅世理;驛;LF-Scelinýsta;せりにいすた;HKRI;1;;;15.500;-0.500;;;-21.007;;;;;;0;
;各停;SV04;硅州石廠街;站;FS-Schagmadastóllå-Siósna;しあぐまだすとんら゚すよすな;HRI;1;5;"Steinmühlegasse, Zürich";12.000;1.500;;;;;;;;;0;
;各停;SV06;硅州花園街;站;FS-Fliascýstaiå-Siósna;ふりやしいすたやすよすな;HRI;1;5;;12.000;1.500;;;;;;;;;0;
;各停;SV07;硅州白丸岬;站;FS-Flampachálaiå-Saftá;"ふら゚むぱ<font face=""Tahoma"">°</font>から゚やさふた";HRI;1;5;;12.000;1.500;;;;;;;;;0;
;各停;SE05;硅州斜面街;站;FS-Xmiácaiå-Siósna;すみやかやすよすな;HRI;1;5;"Haldenegg, Zürich";-14.000;0.000;;;;;;;;;0;
;各停;SE04;硅州甲必丹街;站;FS-Kapitean-Siósna;カピタンすよすな;HRI;1;5;;-14.000;0.000;;;;;;;;;0;
;各停;SE06;硅州青乇;站;FS-Casnatscháca;かすなちあか;HRI;1;5;Φεσωκα;-12.000;0.000;;;;;;;;;0;
;各停;SV09;新硅若水橋;站;LF-Fkynatéllå-Cyvó;ふきいなてんら゚ちいを゙;HRI;1;5;;12.000;1.500;;;;;;;;;0;
;各停;SV10;新硅吉野道;站;LF-Pravacúliå-Fýl;ぷらわ゙くうりやひいる;HRI;1;5;大和州吉野郡;12.000;1.500;;;;;;;;;0;
;各停;SV11;新硅柏葉庭;站;LF-Casivalýcaiå-Fnép;かしわ゙りいかやふねぷ;HRI;1;5;柏市柏の葉キャンパス;15.500;-3.500;;;;;;;;;0;
;各停;SV12;新硅蘇打街;站;LF-Sódaiå-Siósna;ソダヤすよすな;HRI;1;5;;12.000;1.500;;;;;;;;;0;
;各停;SE09;新硅鳥啼橋;站;LF-Scudnascúftaiå-Cyvó;すくづなすくうふたやちいを゙;HRI;1;5;"Vogelsangstrasse, Zürich";-10.000;-4.500;;;;;;;;;0;
;各停;SV03;硅州燕乾庭;站;FS-Engenfnép;エンゲンふねぷ;HRI;1;5;"Enge, Zürich";12.000;1.500;;;;;;;;;0;
;各停;SV03;硅州燕乾庭;站;FS-Engenfnép;エンゲンふねぷ;HRI;1;5;"Enge, Zürich";-12.000;0.000;;;;;;;;;0;
;快速;R507;硅州瓦斯街;站;FS-Gásså-Siósna;ガッサすよすな;HRI;1;5;"Gasometerbrücke, Schlieren, ZH, CH";-12.500;1.500;;;;;;;;;0;
;各停;SE11;新硅峨嵋台;站;LF-Chnámiå-Catáli;"<font face=""Tahoma"">°</font>くなみやかたり";HRI;1;5;;-13.500;0.000;;;;;;;;;0;
;各停;SE12;硅州大学;站;Fylipýdnasvaiå-Draxá;きゑすだいるおく;HRI;0;5;;-15.000;0.000;;;;;;;;;0;
;各停;SE13;新硅山軒街;驛;LF-Faimadaflámaiå-Siósna;はいまだふら゚まやすよすな;HRI;1;5;;-19.000;0.000;;;17.400;;;;;;0;
;各停;SV02;硅州海岸北一丁目;站;FS-Chainagát-pryvalytråctól;"<font face=""Tahoma"">°</font>かいながつぷりわ゙りつらくとる";HRI;1;5;;16.500;1.500;;;;;;;;;0;
;各停;SV01;砂城海怡一坊;站;CS-Cháy'y-lýtråchta;"<font face=""Tahoma"">°</font>かいいりつら<font face=""Tahoma"">°</font>くた";HRI;1;5;香港海怡半島;13.500;1.500;;;;;;;;;0;
;各停;S00;砂城;站;Cachlaschásli;すなぎ;;0;-1;;12.500;1.500;;;;;;;;;1;
;快速;R516;遅散;站;Juisália;じいさりや;HKRI;0;;「荒磯」の意味;13.000;1.500;;;;;;;;;0;
;快速;R504;硅州雷電澤;站;FS-Laidénbach;ライデンバッハ;HRI;1;5;"Leiden, NL";12.000;1.500;;;;;;;;;0;
;各停;ST98;砂城海津公園;站;CS-Chainasláchrå-Fcó;"<font face=""Tahoma"">°</font>かいなすら゚<font face=""Tahoma"">°</font>くらふこ";HRI;1;5;岐阜県海津市;10.500;4.500;;;66.077;;;;;;0;
;各停;SN99;砂城新河;驛;CS-Luifnaplána;る゚いふなぷら゚な;HRI;1;5;;-11.500;2.500;;;-24.082;;;;;;0;
;快速;R490;野田;驛;Culinása;くうりなさ;HRI;0;;;0.000;-5.000;;;-87.388;;;;;;0;
;快速;R495;砂城河口;站;CS-Chaslócli;か゚すろ゚くり;HRI;1;5;;9.500;3.000;;;66.077;;;;;;0;
806;特急;NV15;景行;驛;Kéŋqaŋ;けい゚あ゙う゚;KI;0;;;8.000;2.500;;;29.107;;;;;;0;3
;快速;NV12;杁橋深井;站;IŊ-Viklók;ふかゐ;HRI;1;;済源市軹城深井里;10.500;2.500;;;;;;;;;0;4
;快速;N67;驛衢;站;Jékgu;えっぐ;HR-KI;0;;;-6.000;3.000;5.500;-3.000;;;;;;;0;5
80403;;N66;迭津東(信);信号場;Delzǝn-toŋ;でりつひんがし;HEI;0;;;9.000;-1.000;;;;;;;;;0;
;快速;N64;石磷;站;Jekliñ;ぜきりん;HR-KI;0;;;3.500;-4.500;0.000;6.000;;;;;;;0;5
;各停;QK15;水原;站;Mináwra;みなわら;HRI;0;;京畿道水原市;-1.000;-5.000;-4.000;5.000;;;;;;;0;
;各停;QK12;葛涇二本杉;站;KM-Ñípónsuŋ;にぽんすぎ;HRI;1;5;岩代州二本松市;-0.500;-5.000;;;;;;;;;0;
;各停;QK18;蒲川砥鹿神社前;站;KG-Togá-Jiñjiá-ma'ye;とがじんじやまゑ;HRI;1;5;豊川市砥鹿神社;-1.000;-5.000;;;;;;;;;0;
701;快速;R522;東莱鮭浦;站;CL-Snasschnáfa;すなっしなは;HKRI;1;;平岸の意味;16.000;0.000;;;;;;;;;0;
701;快速;R518;東莱大欖;站;CL-Vasláma;わ゙すら゚ま;HKRI;1;;;13.000;2.000;;;;;;;;;0;
701;各停;SV20;東莱市庁;驛;CL-Sygnäny-Chláfa;"すいぐのにい<font face=""Tahoma"">°</font>くら゚は";HRI;1;5;;0.000;6.000;;;;;;;;;0;
;高速;R530;依連海峡;驛;Yléliå-Graná;いれりあぐらな;;0;-1;;9.000;-3.500;;;140.090;;;;;;0;2
;特急;R530;依連海峡;驛;Yléliå-Graná;いれりあぐらな;HRI;0;;;9.000;-3.500;;;140.090;;;;;;1;2
;快速;R493;豆多亜庭;站;DT-Afnépa;あふねぱ;HRI;1;;亜庭湾;0.000;-5.000;;;;;;;;;0;
;;N62Z;;加算片;[+1];;R;0;;;3.000;-3.000;;;;;;;;;0;
;;N65Z;;加算片;[+1];;R;0;;;-4.000;2.000;;;;;;;;;0;
701;各停;SV21;東莱恩納;站;CL-Uinápa;おなぱ;HRI;1;5;琉球国恩納村;10.500;1.500;;;;;;;;;0;
;各停;QK09;葛涇若水;站;KM-Wakámil;わかみづ;HRI;1;5;;-0.500;5.000;;;;;;;;;0;
701;各停;SV22;東莱御茵;站;CL-Chnióyli;"<font face=""Tahoma"">°</font>くによいり";HRI;1;5;;10.500;1.500;;;;;;;;;0;
;各停;ST94;豆多未来坊;站;DT-Pasláchta;"ぱすら゚<font face=""Tahoma"">°</font>くた";HRI;1;5;つくばみらい市;11.500;4.000;;;;;;;;;0;
;快急;H657;小原出雲町;站;OB-Ílmo-ga-met;いづもがまち;HRI;1;;;12.000;-3.500;;;;;;;;;0;3
;各停;ED89;陀城海晏寺;站;DJ-Hái'ánr-xǝ́;°あいらんるずお;HRI;1;5;;-12.000;2.000;;;;;;;;;0;
;各停;EM88;陀城正則大学;驛;DJ-Céŋzə́k-Dáirək;せ゚い゚そ゚おくだいるおく;HRI;1;;;-14.000;2.000;;;18.234;;;;;;0;
;各停;EM87;陀城熱田町;站;DJ-Átta-ga-met;あつたがまち;HRI;1;5;;-12.500;2.000;;;;;;;;;0;
;各停;EM85;河津;驛;Kawádu;かわづ;HRI;0;;;9.000;2.000;;;22.865;;;;;;0;
;各停;EM84;河津万騎町;站;KD-Mángí-ga-met;まんぎがまち;HRI;1;5;横浜市南万騎が原;12.500;2.000;;;;;;;;;0;
;各停;EM82;三日水無瀬;驛;MK-Minaşe;みなせ;HRI;1;;;13.500;2.000;;;51.761;;;;;;0;
;各停;EM81;三日柳橋;站;MK-Iañéŋ-ga-feş;やなぎがはし;HRI;1;5;名古屋市柳橋;7.000;5.000;;;;;;;;;0;
90104;各停;EM80;三日灘;驛;Mikkánada;みっかなだ;KI;0;;;-10.500;3.000;;;71.919;;;;;;0;
;各停;UM54N;函城隧道轉車站;站;Qamjeŋ-Xúdáu BusIC;はこぎずだうちゑんし゚やちらむ;HBI;0;5;;-8.000;-5.000;;;;;;;;;0;
10503;快速;UY78H;秋葉南;站;Su'iév-nam;あきばみなみ;HSI;0;5;;-5.000;-5.000;;;;;;;;;0;
;各停;X57A;畦田淡道轉車站;站;Yeda-Dámdáu BusIC;あぜだだむだうちゑんし゚やちらむ;HBI;0;;;-12.000;2.000;;;;;;;;;0;
;各停;LP43J;月城淡道轉車站;站;Týkjeŋ-Dámdáu BusIC;つきじろだむだうちゑんし゚やちらむ;HBI;0;5;;-12.000;2.000;;;;;;;;;0;
;各停;X59N;平沼新淡道;站;BÇ-Səndámdáu;すおんだむだう;HRI;1;5;;-12.500;4.000;;;;;;;;;0;
;快速;T70;鶯谷峠;驛;Ǝŋkókr-tók;うぐゐすがとく;KI;0;;東京都鶯谷;1.000;-5.000;-2.000;9.000;-76.865;;;;;;0;5
;各停;H3;豊浦;站;FF-;;;1;5;;-12.000;2.000;;;;;;;;;0;
10206;各停;UM30;西津;站;Sezǝn;にしづ;KI;0;;;0.000;-5.500;;;;;;;;;0;
122;各停;UK39;浦陰平安街;站;FI-Beŋ'anŕ-krai;べい゚あんルきらい;HRI;1;5;名古屋市平安通;-2.000;-4.500;;;75.052;;;;;;0;
701;各停;SE21;東莱氷川町;站;CL-Sclaplánachta;"すくら゚ぷら゚な<font face=""Tahoma"">°</font>くた";HRI;1;5;大宮区氷川神社;-12.000;1.500;;;;;;;;;0;
;;J46;山葵澤(信);信号場;Şrangyŕ-drak;わさびざわ;HRI;0;;松本市梓川村島々谷ワサビ沢トンネル;-12.500;0.000;;;;;;;;;0;
;快急;J47;鈴島;驛;Leŋtáu;れい゚たう;HKRI;0;;松本市梓川村島々谷鈴小屋トンネル;12.000;1.500;;;36.582;;;;;;0;
;快急;J45;鴨多峠;驛;Abtpass;アプタるとく;KI;0;;Abt;-10.000;3.500;8.000;0.000;-4.771;;;;;;0;
;特急;J50;裏山;驛;Líşran;うらやま;KI;0;;地形;-2.000;-4.500;;;73.946;;;;;;0;2
;;J45Z;;加算片;[+2];;R;;;;5.000;0.000;;;;;;;;;0;
;;G50Z;;加算片;[+4];;R;;;;4.500;-2.000;;;;;;;;;0;
;;G53;分澤(信);信号場;Fondrak;わけざわ;HRI;0;;地形;-9.000;2.000;;;;;;;;;0;
9;各停;JY61;永安万葉坊;站;YA-Mán'iévr-vaŋ;まんえゔルわ゙う゚;HRI;1;5;;12.000;1.500;;;;;;;;;0;
9;各停;JY63;永安稲武;站;YA-Dáumú;いなぶ;HRI;1;5;豊田市稲武町;-11.000;1.000;;;;;;;;;0;
9;各停;JY59;永安三川;站;YA-Samşyen;みかわ;HRI;1;5;;-10.500;1.500;;;;;;;;;0;
9;各停;JY58;永安新井;站;YA-Sənzéŋ;あらゐ;HRI;1;;妙高市新井;-10.500;1.500;;;;;;;;;0;
11203;各停;YT42;草香公園前;站;SH-Koŋ'yen-xen;くさかこう゚ゑんまゑ;HRI;0;;;-13.000;6.500;;;;;;;;;0;
114;各停;YT46;丹城元町;站;TJ-Ŋyenmét;にじろもとまち;HRI;0;;;-11.500;6.000;;;;;;;;;0;
9;各停;JY57;永安桃陵;站;YA-Dauliəŋ;だうりおう゚;HRI;1;;小牧市桃花台;-10.500;1.500;;;;;;;;;0;
1902;各停;JY55;林陽;站;Lim'iaŋ;りむやう゚;KI;0;;地形;-7.500;1.500;;;;;;;;;0;
1902;各停;JY56;林陽宝台;站;LI-Páudai;ぱうだい;HRI;1;;樺太真岡町宝台;-10.500;1.500;;;;;;;;;0;
;特急;J43;雲嶺温泉;驛;Yønléŋ-Wonxyen;ゑうんれい゚をんずゑん;HRI;0;;德欽縣雲嶺;11.000;2.000;;;26.858;;;;;;0;
405;快急;J40;沂陵;驛;Ŋiliəŋ;き゚りおう゚;KI;0;;地形;7.000;3.500;;;48.516;;;;;;0;
;快急;H662;猫洞;站;Nukógafora;ぬこがほら;HRI;0;;名古屋市猫洞通;0.500;-5.000;;;;;;;;;0;4
90405;快急;H660;大里口;驛;Mákxato-gyt;まくざとぐち;HRI;0;;稲沢市大里;6.500;-5.500;;;-70.190;;;;;;0;3
;快速;J38;湛山;站;Drámşran;ぢらむしらん;HRI;0;;青島市湛山;6.500;4.000;;;;;;;;;0;
40501;快急;J35;南和;驛;Nam'wa;なむわ;KI;0;;;6.000;3.500;;;43.969;;;;;;0;
;快急;J32;人字橋;站;Ñiñxə́r-gø;にんずおルはし;HRI;0;;;9.000;1.500;;;;;;;;;0;
10003;各停;UY90D;乾建天神;站;GK-Þenjiñ;あまたけ°てんじん;HRI;1;;;-12.000;3.000;;;;;;;;;0;
1902;各停;JY53;雲雀野;站;Yønzákr-iá;ひばりの;HRI;0;;名古屋市雲雀ヶ岡;10.000;1.500;;;;;;;;;0;
;各停;JY50;国立天文台;驛;Kwə́klív-Þenmøndai;くおくりゔ°てんめうんだい;HRI;0;;;0.000;-8.000;;;-79.646;;;;;;0;
9;快速;AL62;雁道藍田;站;ŊD-Lamden;ら゚むでん;HRI;1;5;陝西省藍田県;-9.500;-3.000;;;;;;;;;0;4
;;JY51;青葉(信);信号場;Seŋ'iév;あをば;HRI;0;5;;-6.000;4.500;;;;;;;;;0;
112;各停;YT38;汀洲伊勢坊;站;ÞS-Işér-vaŋ;いせルわ゙う゚;HRI;1;5;;-12.500;7.000;;;;;;;;;0;
;各停;JA50;大澤関所;站;Mákdrak-Kwranşiə́;まくぢらくくらんしお;HRI;0;;地形;13.500;-1.500;;;;;;;;;0;
;各停;PC46;櫻澗;自動車驛;Sakwrádeñ;さくらだに;HRI;0;;;0.000;-5.000;;;;;;;;;0;
90306;快速;PF50;刈田川口;驛;Keldákawa-gyt;かりだかわぐち;HRI;0;;地形;-10.000;5.000;;;-62.371;;;;;;0;4
;;PF40Z;;加算片;[+1];;R;0;;;-2.000;3.000;;;;;;;;;0;
;;PF40Z;;加算片;[+1];;R;0;;;-5.000;1.000;;;;;;;;;0;
12303;急行;UK60;海原;驛;Háiŋyen;うみわら;KI;0;;地形;7.000;0.000;;;-36.966;;;;;;0;
20201;急行;FG07;牛窗;驛;Ŋiuşrəŋ;うしまど;KI;0;;瀬戸内市牛窓町;7.000;4.000;;;64.951;;;;;;0;3
20203;急行;HS90;歐拉;驛;Ola/Euler;ヲイラー;KI;0;;Euler;-8.000;1.000;;;;;;;;;0;3
204;急行;HS80;沼川;驛;Çǿşyen;ぬまがわ;KI;0;;;-8.000;1.000;;;;;;;;;0;3
203;急行;;榮濱;驛;Yeŋpiñ;さかえわま;KI;0;;;;;;;;;;;;;0;
20403;急行;HS70;蓉台;驛;Ioŋdai;よう゚だい;KI;0;;;-8.000;1.000;;;;;;;;;0;2
20404;急行;WD10;團城;驛;Dwanjeŋ;づわんぜい゚;KI;0;;北京市團城;0.000;6.000;;;90.000;;;;;;0;
20405;急行;WD20;烟南;驛;Ennam;えんなむ;KI;0;;;-8.000;1.500;;;-13.318;;;;;;0;
205;快急;TG35;楠溪;驛;Namche;"なむ<font face=""Tahoma"">°</font>け";KI;0;;;-1.500;5.500;;;-74.971;;;;;;0;3
206;急行;HS60;裾野;驛;Kə'iá;すその;KI;0;;;-6.500;1.000;;;;;;;;;0;3
208;特急;T50;清水;驛;Seŋşý;しみづ;KI;0;;静岡市清水区;-2.000;6.500;;;-64.163;;;;;;0;2
20302;快急;WN70;杁川;驛;Ñívşyen;いりがわ;KI;0;;;-8.000;1.000;;;;;;;;;0;
20303;快速;;楓堰;驛;Fuŋ'ién;かゑでぜき;KI;0;;;-6.500;1.500;;;;;;;;;0;
20305;急行;;砂原;驛;Şraŋyen;すなわら;KI;0;;;-6.500;1.500;;;;;;;;;0;2
20501;快速;TS30;輕津;驛;Cheŋcən;かるづ;KI;0;;;5.000;5.000;;;60.088;;;;;;0;3
20601;急行;TG45;雁栖;站;Ŋránse;かりす;KI;0;;;-1.000;6.000;;;;;;;;;0;3
20505;快速;TG30;晴茂;驛;Xeŋmó;はるも;KI;0;;;6.000;-1.000;;;-33.284;;;;;;0;3
20602;快速;TS40;滋川;驛;Zəşyen;しげかわ;KI;0;;;8.000;2.000;;;32.368;;;;;;0;3
20603;急行;HS55;松涇;驛;Soŋkeŋ;まつみぞ;KI;0;;;-8.000;1.000;;;;;;;;;0;3
;急行;WD25;採薇津;驛;Sáimizən;さいみつ;HKRI;0;;;-13.000;1.000;5.500;0.000;-18.054;;;;;;0;
20403;急行;WD05;蓉台万世橋;驛;ID-Mánşér-gø;まんせルげう;HR-I;1;;;1.500;-3.500;2.000;6.000;-80.400;;;;;;0;
;;WD05Z;;加算片;[+1];;R;0;;;0.000;3.500;;;;;;;;;0;
20403;快速;HS75;入手;站;Ñívşiú;いりで;HKRI;0;;;-10.000;1.000;;;;;;;;;0;4
210;急行;T65;細田;驛;Séda;ほそだ;KI;0;;;0.500;6.000;;;82.084;;;;;;0;3
20403;快速;HS85;蘇汀斜田;站;SÞ-Xada;ざだ;HKRI;1;;;-10.500;1.500;;;;;;;;;0;4
20403;急行;HS95;新集;站;Sənxəv;にゐち;HKRI;0;;;-10.000;1.500;;;;;;;;;0;4
208;快急;D50;清水市;驛;Seŋşýr-jí;しみづルじ;HRI;0;;;3.500;6.000;;;-64.163;;;;;;0;
208;特急;T00;灘州;驛;Þansu;なだす;KI;0;;;-5.000;5.500;;;-24.406;;;;;;0;1
208;快急;D00;灘州市;驛;Þansuŕ-jí;なだすじ;HRI;0;;;-11.000;0.500;;;65.140;;;;;;0;
20702;急行;D20;芝原;驛;Ciŋyen;しばわら;KI;0;;;-6.000;6.000;;;82.618;;;;;;0;
20703;急行;D30;坪池;驛;Beŋdr;つぼいけ;KI;0;;;0.500;6.000;;;82.618;;;;;;0;
20704;急行;D40;雨田;驛;Úda;あめだ;KI;0;;;0.500;6.000;;;82.727;;;;;;0;
20702;快急;D22;芝原東;驛;Ciŋyen-toŋ;しばわらひんがし;HEI;0;;;0.500;6.000;;;82.618;;;;;;0;
20506;急行;DE40;燕野;站;Én'iá;えんや;KI;0;;;6.000;2.000;;;;;;;;;0;
;快速;TS44;井原;驛;Zéŋŋyen;いばら;HR-KI;0;;備中州井原市;3.500;5.500;-9.000;-2.500;67.374;;;;;;0;5
20703;快速;D35;六里台;驛;Liúklír-dai;りゆくりルだい;HRI;0;;;-0.500;-5.000;;;82.698;;;;;;0;
;快速;D25;雁山上水;站;Ŋránşran-Jiáŋşý;かりやまじやう゚しゐ;HRI;0;;;-0.500;-5.500;;;;;;;;;0;
;快速;D37;雨田中道;站;UD-Truŋdáu;なかみち;HRI;1;;;0.000;-5.000;;;;;;;;;0;
;快速;TS42;滋川向台;站;ZŞ-Hiáŋdai;°やう゚だい;HR-KI;1;;地形;7.500;4.500;-9.500;-2.500;;;;;;;0;4
208;快急;T00;灘州;站;Þansu;なだす;KI;0;2;;-3.500;7.000;;;-24.406;;;;;;1;
;快速;D15;小泊森林公園;站;SB-Şimlimkoŋ'yen;しむりむこう゚ゑん;HRI;1;;;0.000;5.500;;;;;;;;;0;
;快速;D18;芝原草橋;站;CŊ-Sáugø;くさばし;HRI;1;;北京市草橋;-0.500;-5.000;;;;;;;;;0;
;快速;T15;小泊;驛;Sǿbak;こどまり;KI;0;;;6.000;5.000;;;55.777;;;;;;0;3
20701;急行;T20;螢泉;驛;Yeŋxyen;ゑい゚ずゑん;KI;0;;;-0.500;-5.000;;;81.574;;;;;;0;2
;貨物;PT60;"<span style=""font-size:18pt"">中央操車場</span>";操車場;"<span style=""font-size:12pt"">Truŋ'iaŋ Sauşiadraŋ</span>";つるう゚やう゚さうしやぢらう゚;HR-I;0;;;-4.500;-2.500;17.000;6.000;60.097;;;;;;0;
;各停;N20;匯川煉瓦橋;站;WŞ-Lénŋwrár-gø;れんく゚らがはし;HRI;1;5;;6.000;6.000;;;;;;;;;0;4
;各停;N10;櫻台免田;站;ƎD-Ménda;めんだ;HRI;1;5;;3.500;6.000;;;;;;;;;0;4
1804;各停;KK80;八名;驛;Prálmeŋ;やな;KI;0;;三河州八名郡;-6.000;-1.500;;;38.892;;;;;;0;
1805;各停;KK84;碳井;站;Þánzéŋ;"<font face=""Tahoma"">°</font>たんせ゚い゚";KI;0;;;-7.500;0.000;;;;;;;;;0;
1804;各停;KK78;八名平湖;站;PM-Beŋqo;ひらこ;HKRI;1;;;11.500;2.000;;;;;;;;;0;
;快速;K35;匯川知覧;站;WŞ-Trlán;ちるら゚ん;HRI;1;5;;-3.500;-5.000;;;;;;;;;0;
1804;各停;KK82;八名中城;站;PM-Truŋjeŋ;なかぎ;HKRI;1;;;11.500;2.000;;;;;;;;;0;
20501;快速;TS28;輕津東野;站;CZ-Toŋ'ía;ひんがしの;HR-KI;1;;;2.500;5.000;0.000;-5.000;;;;;;;0;5
;各停;KK76;春日漁火;站;ŞÑ-Ŋəhwá;いさりび;HKRI;1;5;;0.000;5.000;9.000;-5.000;;;;;;;0;
;;N62Z;;加算片;[+1];;R;0;;;4.000;2.500;;;;;;;;;0;
;快速;QE48;櫻井西山;站;SI-Ñíş'iama;にしやま;HRI;1;5;;-11.000;1.500;;;;2024 湖陰本線堤口櫻井間四線化に際して;;;;;0;
80005;快速;Q57;採蘋清溪;站;MT-Kióxawa;きよざわ;HRI;1;5;;9.000;4.000;;;;2024 湖陰本線堤口櫻井間四線化に際して;;;;;0;
;各停;MC90;竹園;驛;Tekéxono;たけぞの;HRI;0;;;8.000;-1.000;;;-15.057;;;;;;0;
80303;各停;QC80;折渡;驛;Céldó;をりわたり;KI;0;;由利本荘市折渡;8.500;0.000;;;-16.226;;;;;;0;
;各停;QK24;梨花;站;Ñéşbana;なしばな;HRI;0;;;7.500;4.500;;;;;;;;;0;
80702;各停;QK25;森島;驛;Mǿljima;もりじま;KI;0;;"Nusantara, ID";9.000;2.500;;;66.198;;;;;;0;
80702;特急;NS30;森島東;驛;Mǿljima-fiñgeş;もりじまひんがし;HEI;0;;"Nusantara, ID";7.000;4.000;;;-123.057;;;;;;1;
80702;準高;NS30;森島東;驛;Mǿljima-fiñgeş;もりじまひんがし;HEI;0;-1;"Nusantara, ID";7.000;4.000;;;-123.057;;;;;;0;3
;各停;QK27;森島岩内;站;MJ-Iwá'yt;いわうち;HRI;1;;後志州岩内町;10.500;2.000;;;;;;;;;0;
20501;快速;TS32;灌水;驛;Kwánşý;くわんしゐ;HR-KI;0;;;8.000;5.000;-7.500;-3.000;60.088;;;;;;0;5
701;各停;SE19;東莱江月台;站;CL-Vaschyssálicaiå-Catáli;わ゙しいっさりかやかたり;HRI;1;5;;-12.000;1.500;;;;;;;;;0;
701;各停;SV18;東莱大欖上;站;CL-Vaslamáva;わ゙すら゚まわ゙;HRI;1;5;;12.000;0.000;;;;;;;;;0;
701;各停;SE18;東莱青山台;站;CL-Casnámfaiå-Catáli;かすなむはやかたり;HRI;1;5;東京都青山;-12.000;1.500;;;;;;;;;0;
;各停;E71;杉宿茨野川;站;SS-Ibránó-ga-kawa;いばらのがかわ;HRI;1;;;3.000;5.000;;;;;;;;;0;
;急行;TG42;雁陽宿;驛;Ŋrán'iaŋr-súk;き゚らんやう゚ルすく;HRI;0;;地形;7.000;-5.500;;;-75.037;;;;;;0;4
20503;急行;TG40;原苷;站;Ŋyenkam;き゚ゑんかむ;KI;0;;;-8.500;3.500;;;;;;;;;0;3
40501;各停;J32A;南和纜車;站;NW-Lámşia;なむわら゚むしや;HRI;0;5;;-11.000;0.000;;;;;;;;;0;
20804;快速;TS45;雲門;驛;Yønmon;えうんもん;KI;0;;;6.500;5.500;;;67.374;;;;;;0;3
208;快速;HS53;清水南;站;Seŋşý-nam;しみづみなみ;HSI;0;;静岡市清水区;7.500;1.500;;;-64.163;;;;;;0;4
208;快速;TS47;清水南;站;Seŋşý-nam;しみづみなみ;HSI;0;;静岡市清水区;-7.500;1.500;;;-64.163;;;;;;0;4
208;快速;T47;清水西;站;Seŋşý-se;しみづにし;HWI;0;;静岡市清水区;0.000;-5.000;;;;;;;;;0;3
;快速;D42;加納;站;Kranáv;きらなゔ;HRI;0;;岐阜市加納;0.500;5.500;;;;;;;;;0;
;快速;D44;加納小山;驛;KN-Sǿşran;こやま;HRI;1;;下野州小山市;0.500;5.500;;;82.752;;;;;;0;
;快速;D46;河江;站;Gapkrəŋ;かわえ;HRI;0;;;1.500;5.500;;;;;;;;;0;
;快速;D49;清水月見町;站;SŞ-Týkkénr-met;つきみがまち;HRI;1;5;;0.000;-5.000;;;;;;;;;0;
;快速;D48;清水明倫町;站;SŞ-Meŋlynŕ-met;めい゚りゐんがまち;HRI;1;5;;9.500;4.000;;;;;;;;;0;
;;HS52;桑原(信);信号場;Saŋŋyen;くわわら;HR-I;0;;;5.000;1.500;-7.500;1.500;;;;;;;0;
207;急行;T30;汐陰;驛;Xek'im;ぜきいむ;KI;0;;;0.500;5.500;;;81.618;;;;;;0;3
20705;急行;T40;伊和;驛;Iwa;いわ;KI;0;;;-0.500;5.500;;;-80.327;;;;;;0;3
20803;快速;T45;田波;驛;Dapa;だなみ;KI;0;;;-4.000;5.000;;;-64.490;;;;;;0;3
;快速;T35;林海;站;Limhái;りむ°あい;HR-KI;0;;;-0.500;5.500;0.500;-5.000;;;;;;;0;4
;快速;T25;柳甸;站;Liúdén;やなぎばた;HR-KI;0;;;0.500;5.500;-0.500;-5.000;;;;;;;0;4
;快速;T42;夢野;站;Múŋ'iá;ゆめの;HR-KI;0;;;-5.000;5.000;5.500;-4.000;;;;;;;0;4
206;快速;HS65;星山;驛;Seŋşran;ほしやま;HR-KI;0;;;-8.000;1.000;7.500;1.000;;;;;;;0;4
701;各停;SV19;東莱金町;站;CL-Spiacächta;"すぴやこ<font face=""Tahoma"">°</font>くた";HRI;1;5;東京都金町;10.500;0.000;;;;;;;;;0;
;快速;RC75;鬱爨;驛;Yuzváli;ゆす゚わ゙り;HRI;0;;;-9.000;2.000;;;-19.200;;;;;;0;
70202;快速;RB55;和炔野;驛;Vacsvétia;わ゙くすゑ゙ちや;KI;0;;;-10.000;0.000;;;10.918;;;;;;0;
70203;快速;RB60;珊置良;驛;Sancýlia;さんちいりや;KI;0;;;-8.500;-1.000;;;41.033;;;;;;0;
70103;各停;SK53;槿餘平河町;站;KL-Pŕgapr-kot;ひらかわまち;HRI;1;;;-12.500;2.000;;;;;;;;;0;
70103;各停;SK59;槿餘南山一坊;站;KL-Ñas'chrám-lŕ-kot;みなみやまりるわ゙う゚;HRI;1;;;-14.000;2.000;;;;;;;;;0;
70102;急行;RB40;鵠澗;驛;Vocália;を゙かりや;KI;0;;;-6.500;-1.000;;;30.363;;;;;;0;
70201;急行;RB45;磯澤;驛;Kyjáca;きいじあか;KI;0;;;-5.000;-3.500;;;46.154;;;;;;0;
702;急行;RB50;長洲;驛;Balinadúfta;ながす;KI;0;;煙台市/桑名市長島;-6.500;-1.500;;;46.154;;;;;;0;1
;各停;RB48;長洲攝覽;站;BD-Sciapláma;しやぷら゚ま;HRI;1;5;;-10.500;-2.500;;;64.206;;;;;;0;
;各停;RB52;長洲北関;站;BD-Pryvamút;ぷりいわ゙むうつ;HRI;1;5;;-10.500;-0.500;;;64.206;;;;;;0;
;各停;RB54;和炔飾梁地;站;VC-Sycliamásta;すいくりやますた;HRI;1;;;-12.000;-0.500;;;64.206;;;;;;0;
;快速;RB65;珊置東海;驛;SC-Carvachayúx;"かるわ゙<font face=""Tahoma"">°</font>かゆず";HRI;1;;;-11.500;-4.500;;;41.033;;;;;;0;
70102;快速;RA35;鵠澗針野;驛;VC-Zyflacúli/Sáiglúk;さいぎる゚く;HRI;1;;名古屋市高針;8.000;5.000;;;64.206;;;;;;0;
;各停;RB38;鵠澗紫笛;站;VC-Zedéca;ぜでか;HRI;1;;;-11.000;0.000;;;64.206;;;;;;0;
;各停;RB42;磯澤如苷;站;KJ-Nioscáma;によすかま;HRI;1;;;-10.000;-2.500;;;64.206;;;;;;0;
;各停;RB47;磯澤芝散;站;KJ-Cysália;し゚いさりや;HRI;1;5;;-8.500;-2.500;;;64.206;;;;;;0;
;各停;RB58;珊置添河;站;SC-Tphémusli;つへむうす;HRI;1;;;-10.500;-2.500;;;64.206;;;;;;0;
;各停;RB57;"和炔<font face=""Microsoft YaHei"">汮</font>珥丹";站;VC-Cvynýstali;くゐ゙にいすたり;HRI;1;;;-11.500;-0.500;;;64.206;;;;;;0;
;快速;RA50;石渠;站;Jégios;ぜぎよす;HRI;0;;;-3.500;5.000;;;;;;;;;0;
;各停;RB49;長洲南関;站;BD-Fygdamút;ひぐだむうつ;HRI;1;5;;-10.500;-2.500;;;64.206;;;;;;0;
;特急;IL10;朱雀橋;驛;Ciuzákr-gø;し゚ゆさ゚くがはし;HRI;0;1;;-1.500;5.000;;;90.000;;;;;;1;
1005;特急;IL07;桂川;驛;Kyéşyen;かつらがわ;KI;0;2;;0.000;-5.000;;;90.000;;;;;;0;
11702;各停;LG45;米市;驛;Méti;こめち;KI;0;;;4.500;5.000;;;39.551;;;;;;0;
11901;各停;LG50;畦田;驛;Yeda;あぜだ;KI;0;;;0.000;5.500;;;88.310;;;;;;0;
119;各停;LG55;平沼瓦町;站;BÇ-Ŋwrámét;かわらまち;HRI;1;5;;-11.000;4.000;;;18.779;;;;;;0;
11803;各停;LG38;池辺;站;Drpen;いけべ;KI;0;;;-5.000;-3.500;;;;;;;;;0;
11702;各停;LG43;米市諸橋;站;MT-Ciəgø;もろばし;HRI;1;5;;10.500;2.000;;;39.551;;;;;;0;
;快急;H665;板門;站;Itákado;いたかど;HRI;0;;;0.500;-5.000;;;;;;;;;0;4
;各停;E52;鵜泊分瀾;站;UD-Yekénem;わけなみ;HRI;1;5;;10.000;-1.500;;;;;;;;;0;
;特急;H675;豊原北;驛;Tø'iówra-kita;とよわらきた;HNI;0;;樺太庁豊原市;0.000;-5.000;;;88.590;;;;;;0;2
80803;快速;H735;田津;驛;Datu;だつ;KI;0;;;6.000;-2.000;;;-56.900;;;;;;0;3
;快速;;珊橋;站;TB-;;HRI;1;;;5.000;-5.000;;;;;;;;;0;
4;快速;H732;十里木;站;Jivlígi;じゔりぎ;HRI;0;;駿州裾野市十里木;5.000;-4.000;;;;;;;;;0;5
;快速;;;站;;;;;;;;;;;;;;;;;0;
;急行;H738;和連川;驛;Walen-gawa;われんがわ;HRI;0;;;-10.500;2.000;;;-28.821;;;;;;0;5
904;急行;E50;鵜泊市;驛;Udómel-ji;うどまりじ;HRI;0;;;0.000;5.000;;;86.190;;;;;;0;
;各停;E49;鵜泊紙屋町;站;UD-Kém'ia-ga-met;かみやがまち;HRI;1;5;;-8.000;-5.000;;;;;;;;;0;
;各停;E48;鵜泊竹町;站;UD-Teké-ga-met;たけがまち;HRI;1;5;;6.500;4.000;;;;;;;;;0;
;各停;E47;鵜泊三輪町;站;UD-Miwá-ga-met;みわまち;HRI;1;5;桜井市三輪山;2.000;5.500;;;;;;;;;0;
;各停;E51;鵜泊江戸橋;站;UD-Iedóbeş;えどばし;HRI;1;5;津市江戸橋;8.500;-4.000;;;;;;;;;0;
;各停;E53;小原林間;站;OB-Limkran;りむきらん;HRI;1;5;;-9.500;4.000;;;;;;;;;0;
;各停;E56;小原青沙;站;UD-Aósa;あをさ;HRI;1;5;;-9.500;4.000;;;;;;;;;0;
;各停;E57;杁涇田原;站;IM-Dawra;だわら;HRI;1;5;;-9.500;4.000;;;;;;;;;0;
;各停;E70;杉宿;驛;Suŋsúk;すぎすく;KI;0;5;;-1.500;6.000;;;79.434;;;;;;0;
;快急;E70;杉宿;驛;Suŋsúk;すぎすく;KI;0;;;-1.000;-5.000;;;77.326;;;;;;0;
;各停;E73;豊原虹橋;站;TW-Ñíşbeş;にじばし;HRI;1;;上海虹橋;0.000;5.000;;;;;;;;;0;
90603;快急;H680;岡部;驛;Okábe;をかべ;KI;0;;青ヶ島村岡部;6.500;1.500;;;21.882;;;;;;0;3
90604;快急;H685;池ノ澤;驛;Ikénoswa;いけのさわ;KI;0;;青ヶ島村池之沢;10.000;2.000;;;44.558;;;;;;0;3
;快急;H682;;驛;;;HRI;0;;;;;;;28.970;;;;;;0;
;快速;;;站;;;;;;;;;;;;;;;;;0;
9;急行;A160;雁道;驛;Ŋrándáu;き゚らんだう;KI;0;;名古屋市雁道;9.500;2.000;;;28.235;;;;;;0;3
9;快速;A165;雁道林間;站;ŊD-Limkran;りむきらん;HRI;1;5;大和市中央林間;10.500;1.500;;;;;;;;;0;4
9;快速;;;站;;;HRI;0;5;;10.500;1.500;;;;;;;;;0;
9;快速;A158;雁道祁山;站;ŊD-Gişran;ぎしらん;HRI;1;;甘粛省祁山;10.500;1.500;;;;;;;;;0;4
9;快速;A157;鉄庭;驛;þéldeŋ;"<font face=""Tahoma"">°</font>てりにわ";HRI;0;;;8.500;1.500;;;8.851;"1903";;;;;0;4
1101;急行;A150;螢石;驛;Yeŋjek;ゑい゚ぜき;KI;0;;;8.000;1.500;;;23.594;;;;;;0;3
9;快速;;玉川;站;ŊŞ-;;HRI;1;;;10.500;1.500;;;;;;;;;0;
9;快速;;;站;;;HRI;0;;;10.500;1.500;;;;;;;;;0;
1102;快速;A140;霧城;驛;Stuiplaschásli;きりぎ;KI;0;;;7.000;1.500;;;20.148;"1972";;;;;0;4
;快速;HY65;伊能下之原;站;IN-Volŕŋyen;しものはら;HRI;1;5;;-12.500;3.000;;;;;;;;;0;4
;快速;FD29;長津明徳町;站;DZ-Meŋtə́kr-met;あきとおくがまち;HRI;1;;;-11.000;-4.500;;;;"2023";;;;;0;4
11702;各停;LG48;山河大学;驛;Şranqa-Dáirək;しらんあ゙だいろおく;HRI;0;;;-8.500;-5.000;;;71.122;;;;;;0;
;各停;SD80;曙光大橋;驛;Dciócvagmå Vascyvó;じよくわ゙う゚まわ゙しいゔを;HRI;0;;張曙光;-12.000;4.000;;;-72.303;"2015";;;;;0;
701;各停;SE25;依連出雲街;驛;YL-Pantáfnaiå-Siósna;ぱんたふなやすよすな;HRI;1;5;;-12.000;2.500;;;;;;;;;0;
701;各停;SV24;依連南滿町;站;YL-Nammlaliächta;なむむら゚りよ°くた;HRI;1;5;南満州鉄道;12.000;1.500;;;;;;;;;0;
701;各停;SV26;依連清洲町;站;YL-Cysnaduftächta;し゚いすなづうふと°くた;HRI;1;5;尾張国清洲城;12.000;1.500;;;;;;;;;0;
701;各停;SV28;依連望濱;站;YL-Pyclachóm;ぴいくら゚°こむ;HRI;1;5;;10.500;-2.000;;;;;;;;;0;
701;各停;SE23;;站;;;HRI;1;5;;-12.000;1.500;;;;;;;;;0;
20302;快急;WN72;月電三輪;驛;Týkdén-Samlyñ;つきでんみわ;HRI;0;;桜井市三輪山;12.000;0.000;;;0.000;;;;;;0;
1102;快速;A125;新泉;驛;Luifnascháfla;すおんいづみ;KI;0;;"Neubrunn ZH, CH";-10.500;1.500;;;24.853;;;;;;0;3
408;急行;A120;黄台;驛;Fysnacatáli;わう゚だい;KI;0;;済南市黄台;8.000;1.500;;;15.545;;;;;;0;2
